Workbook

Sheet 学生诊断报告
A1: 剑桥英语级别诊断报告 (V22 终极兼容版)
H2: 日期 | I2: 成绩
A3: 请选择学生姓名: | B3: 王海晴 Cherry Wang | H3: 15/09/2025 | I3: 136
H4: 46126 | I4: =IF($B$3="","", IFERROR(INDEX(Helper_AllData!V:V, _xludf.AGGREGATE(15,6,ROW(Helper_AllData!$A$2:$A$1000)/(Helper_AllData!$A$2:$A$1000=$B$3),2)),""))
A5: 报考级别 (Level): | B5: =IF($B$3="","", IFERROR(LOOKUP(2, 1/(Helper_AllData!$A$2:$A$1000=$B$3), Helper_AllData!$D$2:$D$1000), "")) -> Movers | H5: =IF($B$3="","", IFERROR(INDEX(Helper_AllData!B:B, _xludf.AGGREGATE(15,6,ROW(Helper_AllData!$A$2:$A$1000)/(Helper_AllData!$A$2:$A$1000=$B$3),3)),"")) | I5: =IF($B$3="","", IFERROR(INDEX(Helper_AllData!V:V, _xludf.AGGREGATE(15,6,ROW(Helper_AllData!$A$2:$A$1000)/(Helper_AllData!$A$2:$A$1000=$B$3),3)),""))
A6: 总分 / 盾牌 (Total): | B6: =IF($B$3="","", IFERROR(LOOKUP(2, 1/(Helper_AllData!$A$2:$A$1000=$B$3), Helper_AllData!$V$2:$V$1000), "")) -> 3 | H6: =IF($B$3="","", IFERROR(INDEX(Helper_AllData!B:B, _xludf.AGGREGATE(15,6,ROW(Helper_AllData!$A$2:$A$1000)/(Helper_AllData!$A$2:$A$1000=$B$3),4)),"")) | I6: =IF($B$3="","", IFERROR(INDEX(Helper_AllData!V:V, _xludf.AGGREGATE(15,6,ROW(Helper_AllData!$A$2:$A$1000)/(Helper_AllData!$A$2:$A$1000=$B$3),4)),""))
H7: =IF($B$3="","", IFERROR(INDEX(Helper_AllData!B:B, _xludf.AGGREGATE(15,6,ROW(Helper_AllData!$A$2:$A$1000)/(Helper_AllData!$A$2:$A$1000=$B$3),5)),"")) | I7: =IF($B$3="","", IFERROR(INDEX(Helper_AllData!V:V, _xludf.AGGREGATE(15,6,ROW(Helper_AllData!$A$2:$A$1000)/(Helper_AllData!$A$2:$A$1000=$B$3),5)),""))
A8: =IF($B$3="","", IF(OR(B5="Flyers", B5="Movers"), "R&W 盾牌 (Shields):", "Reading Scale:")) -> R&W 盾牌 (Shields): | B8: =IF($B$3="","", IFERROR(LOOKUP(2, 1/(Helper_AllData!$A$2:$A$1000=$B$3), Helper_AllData!$L$2:$L$1000), "")) -> 1 | H8: =IF($B$3="","", IFERROR(INDEX(Helper_AllData!B:B, _xludf.AGGREGATE(15,6,ROW(Helper_AllData!$A$2:$A$1000)/(Helper_AllData!$A$2:$A$1000=$B$3),6)),"")) | I8: =IF($B$3="","", IFERROR(INDEX(Helper_AllData!V:V, _xludf.AGGREGATE(15,6,ROW(Helper_AllData!$A$2:$A$1000)/(Helper_AllData!$A$2:$A$1000=$B$3),6)),""))
A9: =IF($B$3="","", IF(OR(B5="Flyers", B5="Movers"), "-", "Writing Scale:")) -> - | B9: =IF($B$3="","", IF(OR(B5="Flyers", B5="Movers"), "-", LOOKUP(2, 1/(Helper_AllData!$A$2:$A$1000=$B$3), Helper_AllData!$O$2:$O$1000))) -> - | H9: =IF($B$3="","", IFERROR(INDEX(Helper_AllData!B:B, _xludf.AGGREGATE(15,6,ROW(Helper_AllData!$A$2:$A$1000)/(Helper_AllData!$A$2:$A$1000=$B$3),7)),"")) | I9: =IF($B$3="","", IFERROR(INDEX(Helper_AllData!V:V, _xludf.AGGREGATE(15,6,ROW(Helper_AllData!$A$2:$A$1000)/(Helper_AllData!$A$2:$A$1000=$B$3),7)),""))
A10: =IF($B$3="","", IF(OR(B5="Flyers", B5="Movers"), "Listening 盾牌 (Shields):", "Listening Scale:")) -> Listening 盾牌 (Shields): | B10: =IF($B$3="","", IFERROR(LOOKUP(2, 1/(Helper_AllData!$A$2:$A$1000=$B$3), Helper_AllData!$U$2:$U$1000), "")) -> 2 | H10: =IF($B$3="","", IFERROR(INDEX(Helper_AllData!B:B, _xludf.AGGREGATE(15,6,ROW(Helper_AllData!$A$2:$A$1000)/(Helper_AllData!$A$2:$A$1000=$B$3),8)),"")) | I10: =IF($B$3="","", IFERROR(INDEX(Helper_AllData!V:V, _xludf.AGGREGATE(15,6,ROW(Helper_AllData!$A$2:$A$1000)/(Helper_AllData!$A$2:$A$1000=$B$3),8)),""))
H11: =IF($B$3="","", IFERROR(INDEX(Helper_AllData!B:B, _xludf.AGGREGATE(15,6,ROW(Helper_AllData!$A$2:$A$1000)/(Helper_AllData!$A$2:$A$1000=$B$3),9)),"")) | I11: =IF($B$3="","", IFERROR(INDEX(Helper_AllData!V:V, _xludf.AGGREGATE(15,6,ROW(Helper_AllData!$A$2:$A$1000)/(Helper_AllData!$A$2:$A$1000=$B$3),9)),""))
A12: 【核心能力诊断与建议】 | H12: =IF($B$3="","", IFERROR(INDEX(Helper_AllData!B:B, _xludf.AGGREGATE(15,6,ROW(Helper_AllData!$A$2:$A$1000)/(Helper_AllData!$A$2:$A$1000=$B$3),10)),"")) | I12: =IF($B$3="","", IFERROR(INDEX(Helper_AllData!V:V, _xludf.AGGREGATE(15,6,ROW(Helper_AllData!$A$2:$A$1000)/(Helper_AllData!$A$2:$A$1000=$B$3),10)),""))
A13: 阅读/读写建议: | B13: =IF($B$3="","", IFERROR(LOOKUP(2, 1/(Helper_AllData!$A$2:$A$1000=$B$3), Helper_AllData!$X$2:$X$1000), "")) -> ⚠️ 薄弱环节: RW-Pt5 📉 考察能力: [读写] 阅读故事补全句子 💡 提升建议: 练习同义替换，答案通常直接来自文章，不要自己编造。
A14: 写作建议: | B14: =IF($B$3="","", IFERROR(LOOKUP(2, 1/(Helper_AllData!$A$2:$A$1000=$B$3), Helper_AllData!$Y$2:$Y$1000), "")) -> 0
A15: 听力建议: | B15: =IF($B$3="","", IFERROR(LOOKUP(2, 1/(Helper_AllData!$A$2:$A$1000=$B$3), Helper_AllData!$Z$2:$Z$1000), "")) -> ⚠️ 薄弱环节: L-Pt3 📉 考察能力: [听力] 图片匹配 (星期/活动) 💡 提升建议: 听完整的句子，注意区分过去几天做了什么，留意干扰项。

Sheet 班级板块精细诊断
A1: 班级分项能力看板
A3: 1. 选择SET: | B3: B1
A4: 2. 选择级别: | B4: Flyers
A5: 3. 选择科目: | B5: Listening
A8: Part 1 | B8: =IF(OR(AND($B$5="Writing", 1>2), AND($B$5="Listening", 1>5)), "-", IFERROR(AVERAGEIFS(OFFSET(Helper_AllData!$A:$A, 0, IF($B$5="Reading", 3+1, IF($B$5="Writing", 11+1, 14+1))), Helper_AllData!$C:$C, $B$3, Helper_AllData!$D:$D, $B$4), 0)) -> 0 | C8: =IF(B8="-", "-", IF(B8=0, "-", IF(B8<MAX($B$8:$B$14)*0.8, "🚨 重点突击", "✅ 稳健"))) -> -
A9: Part 2 | B9: =IF(OR(AND($B$5="Writing", 2>2), AND($B$5="Listening", 2>5)), "-", IFERROR(AVERAGEIFS(OFFSET(Helper_AllData!$A:$A, 0, IF($B$5="Reading", 3+2, IF($B$5="Writing", 11+2, 14+2))), Helper_AllData!$C:$C, $B$3, Helper_AllData!$D:$D, $B$4), 0)) -> 4.72 | C9: =IF(B9="-", "-", IF(B9=0, "-", IF(B9<MAX($B$8:$B$14)*0.8, "🚨 重点突击", "✅ 稳健"))) -> ✅ 稳健
A10: Part 3 | B10: =IF(OR(AND($B$5="Writing", 3>2), AND($B$5="Listening", 3>5)), "-", IFERROR(AVERAGEIFS(OFFSET(Helper_AllData!$A:$A, 0, IF($B$5="Reading", 3+3, IF($B$5="Writing", 11+3, 14+3))), Helper_AllData!$C:$C, $B$3, Helper_AllData!$D:$D, $B$4), 0)) -> 1.5533333 | C10: =IF(B10="-", "-", IF(B10=0, "-", IF(B10<MAX($B$8:$B$14)*0.8, "🚨 重点突击", "✅ 稳健"))) -> 🚨 重点突击
A11: Part 4 | B11: =IF(OR(AND($B$5="Writing", 4>2), AND($B$5="Listening", 4>5)), "-", IFERROR(AVERAGEIFS(OFFSET(Helper_AllData!$A:$A, 0, IF($B$5="Reading", 3+4, IF($B$5="Writing", 11+4, 14+4))), Helper_AllData!$C:$C, $B$3, Helper_AllData!$D:$D, $B$4), 0)) -> 4.1977778 | C11: =IF(B11="-", "-", IF(B11=0, "-", IF(B11<MAX($B$8:$B$14)*0.8, "🚨 重点突击", "✅ 稳健"))) -> ✅ 稳健
A12: Part 5 | B12: =IF(OR(AND($B$5="Writing", 5>2), AND($B$5="Listening", 5>5)), "-", IFERROR(AVERAGEIFS(OFFSET(Helper_AllData!$A:$A, 0, IF($B$5="Reading", 3+5, IF($B$5="Writing", 11+5, 14+5))), Helper_AllData!$C:$C, $B$3, Helper_AllData!$D:$D, $B$4), 0)) -> 4.7155556 | C12: =IF(B12="-", "-", IF(B12=0, "-", IF(B12<MAX($B$8:$B$14)*0.8, "🚨 重点突击", "✅ 稳健"))) -> ✅ 稳健
A13: Part 6 | B13: =IF(OR(AND($B$5="Writing", 6>2), AND($B$5="Listening", 6>5)), "-", IFERROR(AVERAGEIFS(OFFSET(Helper_AllData!$A:$A, 0, IF($B$5="Reading", 3+6, IF($B$5="Writing", 11+6, 14+6))), Helper_AllData!$C:$C, $B$3, Helper_AllData!$D:$D, $B$4), 0)) -> - | C13: =IF(B13="-", "-", IF(B13=0, "-", IF(B13<MAX($B$8:$B$14)*0.8, "🚨 重点突击", "✅ 稳健"))) -> -
A14: Part 7 | B14: =IF(OR(AND($B$5="Writing", 7>2), AND($B$5="Listening", 7>5)), "-", IFERROR(AVERAGEIFS(OFFSET(Helper_AllData!$A:$A, 0, IF($B$5="Reading", 3+7, IF($B$5="Writing", 11+7, 14+7))), Helper_AllData!$C:$C, $B$3, Helper_AllData!$D:$D, $B$4), 0)) -> - | C14: =IF(B14="-", "-", IF(B14=0, "-", IF(B14<MAX($B$8:$B$14)*0.8, "🚨 重点突击", "✅ 稳健"))) -> -

Sheet 换算标准
A1: Movers R&W分 | B1: 盾 | C1: Movers Listening | D1: 盾.1 | E1: CES分数段 | F1: Unnamed: 5 | G1: Flyers R&W分 | H1: 盾.2 | I1: Flyers Listening分 | J1: 盾.3 | K1: CES分数段.1 | L1: Unnamed: 11 | M1: KET Reading 卷面 | N1: KET Reading 换算 | O1: KET Writing 卷面 | P1: KET Writing 换算 | Q1: KET Listening 卷面 | R1: KET Listening 换算 | S1: PET Reading 卷面 | T1: PET Reading 换算 | U1: PET Writing 卷面 | V1: PET Writing 换算 | W1: PET Listening 卷面 | X1: PET Listening 换算 | Y1: Unnamed: 24 | Z1: Z (等级标准) | AA1: AA (分数线) | AB1: Unnamed: 27 | AC1: FCE Reading Raw | AD1: FCE Reading Scale | AE1: FCE UoE Raw | AF1: FCE UoE Scale | AG1: FCE Writing Raw | AH1: FCE Writing Scale | AI1: FCE Listening Raw | AJ1: FCE Listening Scale | AK1: Unnamed: 36 | AL1: LIVE SET LIST | AM1: LIVE LEVEL LIST | AN1: LIVE NAME LIST
A2: 0 | B2: 1 | C2: 0 | D2: 1 | E2: Below 80 | G2: 0 | H2: 1 | I2: 0 | J2: 1 | K2: 90 - 99 | M2: 13 | N2: 100 | O2: 12 | P2: 102 | Q2: 11 | R2: 100 | S2: 13 | T2: 120 | U2: 16 | V2: 120 | W2: 11 | X2: 120 | Z2: KET Distinction (A) | AA2: 140 | AC2: 0 | AD2: 80 | AE2: 0 | AF2: 80 | AG2: 0 | AH2: 80 | AI2: 0 | AJ2: 80 | AL2: =IFERROR(INDEX(Helper_AllData!$C$2:$C$1000, MATCH(0, INDEX(COUNTIF($AL$1:AL1, Helper_AllData!$C$2:$C$1000)+(Helper_AllData!$C$2:$C$1000=""), 0, 0), 0)), "") -> B1 | AM2: =IFERROR(INDEX(Helper_AllData!$D$2:$D$1000, MATCH(0, INDEX(COUNTIF($AM$1:AM1, Helper_AllData!$D$2:$D$1000)+(Helper_AllData!$D$2:$D$1000=""), 0, 0), 0)), "") -> PET | AN2: =IFERROR(INDEX(Helper_AllData!$A$2:$A$1000, MATCH(0, INDEX(COUNTIF($AN$1:AN1, Helper_AllData!$A$2:$A$1000)+(Helper_AllData!$A$2:$A$1000=""), 0, 0), 0)), "") -> 祝沐妍 Mia Zhu
A3: 18 | B3: 2 | C3: 11 | D3: 2 | E3: 80 - 89 | G3: 18 | H3: 2 | I3: 11 | J3: 2 | K3: 100 - 109 | M3: 14 | N3: 102 | O3: 13 | P3: 105 | Q3: 12 | R3: 103 | S3: 14 | T3: 122 | U3: 17 | V3: 120 | W3: 12 | X3: 122 | Z3: KET Merit (B) | AA3: 133 | AC3: 10 | AD3: 122 | AE3: 7 | AF3: 122 | AG3: 10 | AH3: 122 | AI3: 8 | AJ3: 122 | AL3: =IFERROR(INDEX(Helper_AllData!$C$2:$C$1000, MATCH(0, INDEX(COUNTIF($AL$1:AL2, Helper_AllData!$C$2:$C$1000)+(Helper_AllData!$C$2:$C$1000=""), 0, 0), 0)), "") -> A1 | AM3: =IFERROR(INDEX(Helper_AllData!$D$2:$D$1000, MATCH(0, INDEX(COUNTIF($AM$1:AM2, Helper_AllData!$D$2:$D$1000)+(Helper_AllData!$D$2:$D$1000=""), 0, 0), 0)), "") -> KET | AN3: =IFERROR(INDEX(Helper_AllData!$A$2:$A$1000, MATCH(0, INDEX(COUNTIF($AN$1:AN2, Helper_AllData!$A$2:$A$1000)+(Helper_AllData!$A$2:$A$1000=""), 0, 0), 0)), "") -> 孙雨萱 Annie Sun
A4: 24 | B4: 3 | C4: 14 | D4: 3 | E4: 90 - 99 | G4: 24 | H4: 3 | I4: 14 | J4: 3 | K4: 110 - 119 | M4: 15 | N4: 105 | O4: 14 | P4: 108 | Q4: 13 | R4: 106 | S4: 15 | T4: 124 | U4: 18 | V4: 123 | W4: 13 | X4: 125 | Z4: KET Pass (C) | AA4: 120 | AC4: 16 | AD4: 140 | AE4: 11 | AF4: 140 | AG4: 16 | AH4: 140 | AI4: 12 | AJ4: 140 | AL4: =IFERROR(INDEX(Helper_AllData!$C$2:$C$1000, MATCH(0, INDEX(COUNTIF($AL$1:AL3, Helper_AllData!$C$2:$C$1000)+(Helper_AllData!$C$2:$C$1000=""), 0, 0), 0)), "") -> A2 | AM4: =IFERROR(INDEX(Helper_AllData!$D$2:$D$1000, MATCH(0, INDEX(COUNTIF($AM$1:AM3, Helper_AllData!$D$2:$D$1000)+(Helper_AllData!$D$2:$D$1000=""), 0, 0), 0)), "") -> Flyers | AN4: =IFERROR(INDEX(Helper_AllData!$A$2:$A$1000, MATCH(0, INDEX(COUNTIF($AN$1:AN3, Helper_AllData!$A$2:$A$1000)+(Helper_AllData!$A$2:$A$1000=""), 0, 0), 0)), "") -> 戴依唯 Ivy Dai
A5: 29 | B5: 4 | C5: 18 | D5: 4 | E5: 100 - 109 | G5: 36 | H5: 4 | I5: 18 | J5: 4 | K5: 120 - 132 | M5: 16 | N5: 108 | O5: 15 | P5: 111 | Q5: 14 | R5: 110 | S5: 16 | T5: 126 | U5: 19 | V5: 125 | W5: 14 | X5: 128 | Z5: KET A1 | AA5: 100 | AC5: 24 | AD5: 160 | AE5: 18 | AF5: 160 | AG5: 24 | AH5: 160 | AI5: 18 | AJ5: 160 | AL5: =IFERROR(INDEX(Helper_AllData!$C$2:$C$1000, MATCH(0, INDEX(COUNTIF($AL$1:AL4, Helper_AllData!$C$2:$C$1000)+(Helper_AllData!$C$2:$C$1000=""), 0, 0), 0)), "") -> A4 | AM5: =IFERROR(INDEX(Helper_AllData!$D$2:$D$1000, MATCH(0, INDEX(COUNTIF($AM$1:AM4, Helper_AllData!$D$2:$D$1000)+(Helper_AllData!$D$2:$D$1000=""), 0, 0), 0)), "") -> Movers | AN5: =IFERROR(INDEX(Helper_AllData!$A$2:$A$1000, MATCH(0, INDEX(COUNTIF($AN$1:AN4, Helper_AllData!$A$2:$A$1000)+(Helper_AllData!$A$2:$A$1000=""), 0, 0), 0)), "") -> 项思为 Emma Xiang
A6: 33 | B6: 5 | C6: 21 | D6: 5 | E6: 110 - 119 | G6: 42 | H6: 5 | I6: 21 | J6: 5 | K6: 133 - 139 | M6: 17 | N6: 111 | O6: 16 | P6: 114 | Q6: 15 | R6: 113 | S6: 17 | T6: 128 | U6: 20 | V6: 128 | W6: 15 | X6: 131 | Z6: PET Distinction (A) | AA6: 160 | AC6: 37 | AD6: 180 | AE6: 24 | AF6: 180 | AG6: 34 | AH6: 180 | AI6: 27 | AJ6: 180 | AL6: =IFERROR(INDEX(Helper_AllData!$C$2:$C$1000, MATCH(0, INDEX(COUNTIF($AL$1:AL5, Helper_AllData!$C$2:$C$1000)+(Helper_AllData!$C$2:$C$1000=""), 0, 0), 0)), "") | AM6: =IFERROR(INDEX(Helper_AllData!$D$2:$D$1000, MATCH(0, INDEX(COUNTIF($AM$1:AM5, Helper_AllData!$D$2:$D$1000)+(Helper_AllData!$D$2:$D$1000=""), 0, 0), 0)), "") -> Flyers | AN6: =IFERROR(INDEX(Helper_AllData!$A$2:$A$1000, MATCH(0, INDEX(COUNTIF($AN$1:AN5, Helper_AllData!$A$2:$A$1000)+(Helper_AllData!$A$2:$A$1000=""), 0, 0), 0)), "") -> 孙梓木 Jackson Sun
M7: 18 | N7: 114 | O7: 17 | P7: 117 | Q7: 16 | R7: 116 | S7: 18 | T7: 130 | U7: 21 | V7: 130 | W7: 16 | X7: 134 | Z7: PET Merit (B) | AA7: 153 | AC7: 42 | AD7: 190 | AE7: 28 | AF7: 190 | AG7: 40 | AH7: 190 | AI7: 30 | AJ7: 190 | AL7: =IFERROR(INDEX(Helper_AllData!$C$2:$C$1000, MATCH(0, INDEX(COUNTIF($AL$1:AL6, Helper_AllData!$C$2:$C$1000)+(Helper_AllData!$C$2:$C$1000=""), 0, 0), 0)), "") | AM7: =IFERROR(INDEX(Helper_AllData!$D$2:$D$1000, MATCH(0, INDEX(COUNTIF($AM$1:AM6, Helper_AllData!$D$2:$D$1000)+(Helper_AllData!$D$2:$D$1000=""), 0, 0), 0)), "") -> Starters | AN7: =IFERROR(INDEX(Helper_AllData!$A$2:$A$1000, MATCH(0, INDEX(COUNTIF($AN$1:AN6, Helper_AllData!$A$2:$A$1000)+(Helper_AllData!$A$2:$A$1000=""), 0, 0), 0)), "") -> 孙策 Lucas Sun
M8: 19 | N8: 117 | O8: 18 | P8: 120 | Q8: 17 | R8: 120 | S8: 19 | T8: 132 | U8: 22 | V8: 133 | W8: 17 | X8: 137 | Z8: PET Pass (C) | AA8: 140 | AL8: =IFERROR(INDEX(Helper_AllData!$C$2:$C$1000, MATCH(0, INDEX(COUNTIF($AL$1:AL7, Helper_AllData!$C$2:$C$1000)+(Helper_AllData!$C$2:$C$1000=""), 0, 0), 0)), "") | AM8: =IFERROR(INDEX(Helper_AllData!$D$2:$D$1000, MATCH(0, INDEX(COUNTIF($AM$1:AM7, Helper_AllData!$D$2:$D$1000)+(Helper_AllData!$D$2:$D$1000=""), 0, 0), 0)), "") | AN8: =IFERROR(INDEX(Helper_AllData!$A$2:$A$1000, MATCH(0, INDEX(COUNTIF($AN$1:AN7, Helper_AllData!$A$2:$A$1000)+(Helper_AllData!$A$2:$A$1000=""), 0, 0), 0)), "") -> 徐一濯 Ejay Xu
M9: 20 | N9: 120 | O9: 19 | P9: 123 | Q9: 18 | R9: 123 | S9: 20 | T9: 134 | U9: 23 | V9: 135 | W9: 18 | X9: 140 | Z9: PET A2 | AA9: 120 | AL9: =IFERROR(INDEX(Helper_AllData!$C$2:$C$1000, MATCH(0, INDEX(COUNTIF($AL$1:AL8, Helper_AllData!$C$2:$C$1000)+(Helper_AllData!$C$2:$C$1000=""), 0, 0), 0)), "") | AM9: =IFERROR(INDEX(Helper_AllData!$D$2:$D$1000, MATCH(0, INDEX(COUNTIF($AM$1:AM8, Helper_AllData!$D$2:$D$1000)+(Helper_AllData!$D$2:$D$1000=""), 0, 0), 0)), "") | AN9: =IFERROR(INDEX(Helper_AllData!$A$2:$A$1000, MATCH(0, INDEX(COUNTIF($AN$1:AN8, Helper_AllData!$A$2:$A$1000)+(Helper_AllData!$A$2:$A$1000=""), 0, 0), 0)), "") -> 徐昀 Constance Xu
M10: 21 | N10: 122 | O10: 20 | P10: 125 | Q10: 19 | R10: 126 | S10: 21 | T10: 136 | U10: 24 | V10: 140 | W10: 19 | X10: 144 | AL10: =IFERROR(INDEX(Helper_AllData!$C$2:$C$1000, MATCH(0, INDEX(COUNTIF($AL$1:AL9, Helper_AllData!$C$2:$C$1000)+(Helper_AllData!$C$2:$C$1000=""), 0, 0), 0)), "") | AM10: =IFERROR(INDEX(Helper_AllData!$D$2:$D$1000, MATCH(0, INDEX(COUNTIF($AM$1:AM9, Helper_AllData!$D$2:$D$1000)+(Helper_AllData!$D$2:$D$1000=""), 0, 0), 0)), "") | AN10: =IFERROR(INDEX(Helper_AllData!$A$2:$A$1000, MATCH(0, INDEX(COUNTIF($AN$1:AN9, Helper_AllData!$A$2:$A$1000)+(Helper_AllData!$A$2:$A$1000=""), 0, 0), 0)), "") -> 朱梓琦 Anker Zhu
M11: 22 | N11: 125 | O11: 21 | P11: 128 | Q11: 20 | R11: 130 | S11: 22 | T11: 138 | U11: 25 | V11: 142 | W11: 20 | X11: 148 | AL11: =IFERROR(INDEX(Helper_AllData!$C$2:$C$1000, MATCH(0, INDEX(COUNTIF($AL$1:AL10, Helper_AllData!$C$2:$C$1000)+(Helper_AllData!$C$2:$C$1000=""), 0, 0), 0)), "") | AM11: =IFERROR(INDEX(Helper_AllData!$D$2:$D$1000, MATCH(0, INDEX(COUNTIF($AM$1:AM10, Helper_AllData!$D$2:$D$1000)+(Helper_AllData!$D$2:$D$1000=""), 0, 0), 0)), "") | AN11: =IFERROR(INDEX(Helper_AllData!$A$2:$A$1000, MATCH(0, INDEX(COUNTIF($AN$1:AN10, Helper_AllData!$A$2:$A$1000)+(Helper_AllData!$A$2:$A$1000=""), 0, 0), 0)), "") -> 梁绍启 Sean Liang
M12: 23 | N12: 127 | O12: 22 | P12: 130 | Q12: 21 | R12: 133 | S12: 23 | T12: 140 | U12: 26 | V12: 144 | W12: 21 | X12: 152 | AL12: =IFERROR(INDEX(Helper_AllData!$C$2:$C$1000, MATCH(0, INDEX(COUNTIF($AL$1:AL11, Helper_AllData!$C$2:$C$1000)+(Helper_AllData!$C$2:$C$1000=""), 0, 0), 0)), "") | AM12: =IFERROR(INDEX(Helper_AllData!$D$2:$D$1000, MATCH(0, INDEX(COUNTIF($AM$1:AM11, Helper_AllData!$D$2:$D$1000)+(Helper_AllData!$D$2:$D$1000=""), 0, 0), 0)), "") | AN12: =IFERROR(INDEX(Helper_AllData!$A$2:$A$1000, MATCH(0, INDEX(COUNTIF($AN$1:AN11, Helper_AllData!$A$2:$A$1000)+(Helper_AllData!$A$2:$A$1000=""), 0, 0), 0)), "") -> 詹远 James Zhan
M13: 24 | N13: 130 | O13: 23 | P13: 133 | Q13: 22 | R13: 136 | S13: 24 | T13: 143 | U13: 27 | V13: 146 | W13: 22 | X13: 156 | AL13: =IFERROR(INDEX(Helper_AllData!$C$2:$C$1000, MATCH(0, INDEX(COUNTIF($AL$1:AL12, Helper_AllData!$C$2:$C$1000)+(Helper_AllData!$C$2:$C$1000=""), 0, 0), 0)), "") | AM13: =IFERROR(INDEX(Helper_AllData!$D$2:$D$1000, MATCH(0, INDEX(COUNTIF($AM$1:AM12, Helper_AllData!$D$2:$D$1000)+(Helper_AllData!$D$2:$D$1000=""), 0, 0), 0)), "") | AN13: =IFERROR(INDEX(Helper_AllData!$A$2:$A$1000, MATCH(0, INDEX(COUNTIF($AN$1:AN12, Helper_AllData!$A$2:$A$1000)+(Helper_AllData!$A$2:$A$1000=""), 0, 0), 0)), "") -> 郑楷 Kyle Zheng
M14: 25 | N14: 133 | O14: 24 | P14: 135 | Q14: 23 | R14: 140 | S14: 25 | T14: 146 | U14: 28 | V14: 148 | W14: 23 | X14: 160 | AL14: =IFERROR(INDEX(Helper_AllData!$C$2:$C$1000, MATCH(0, INDEX(COUNTIF($AL$1:AL13, Helper_AllData!$C$2:$C$1000)+(Helper_AllData!$C$2:$C$1000=""), 0, 0), 0)), "") | AM14: =IFERROR(INDEX(Helper_AllData!$D$2:$D$1000, MATCH(0, INDEX(COUNTIF($AM$1:AM13, Helper_AllData!$D$2:$D$1000)+(Helper_AllData!$D$2:$D$1000=""), 0, 0), 0)), "") | AN14: =IFERROR(INDEX(Helper_AllData!$A$2:$A$1000, MATCH(0, INDEX(COUNTIF($AN$1:AN13, Helper_AllData!$A$2:$A$1000)+(Helper_AllData!$A$2:$A$1000=""), 0, 0), 0)), "") -> 陈昱昊 Matte Chen
M15: 26 | N15: 135 | O15: 25 | P15: 138 | Q15: 24 | R15: 145 | S15: 26 | T15: 150 | U15: 29 | V15: 150 | W15: 24 | X15: 165 | AL15: =IFERROR(INDEX(Helper_AllData!$C$2:$C$1000, MATCH(0, INDEX(COUNTIF($AL$1:AL14, Helper_AllData!$C$2:$C$1000)+(Helper_AllData!$C$2:$C$1000=""), 0, 0), 0)), "") | AM15: =IFERROR(INDEX(Helper_AllData!$D$2:$D$1000, MATCH(0, INDEX(COUNTIF($AM$1:AM14, Helper_AllData!$D$2:$D$1000)+(Helper_AllData!$D$2:$D$1000=""), 0, 0), 0)), "") | AN15: =IFERROR(INDEX(Helper_AllData!$A$2:$A$1000, MATCH(0, INDEX(COUNTIF($AN$1:AN14, Helper_AllData!$A$2:$A$1000)+(Helper_AllData!$A$2:$A$1000=""), 0, 0), 0)), "") -> 吴皓轩 Jeffrey Wu
M16: 27 | N16: 137 | O16: 26 | P16: 140 | Q16: 25 | R16: 150 | S16: 27 | T16: 153 | U16: 30 | V16: 152 | W16: 25 | X16: 170 | AL16: =IFERROR(INDEX(Helper_AllData!$C$2:$C$1000, MATCH(0, INDEX(COUNTIF($AL$1:AL15, Helper_AllData!$C$2:$C$1000)+(Helper_AllData!$C$2:$C$1000=""), 0, 0), 0)), "") | AM16: =IFERROR(INDEX(Helper_AllData!$D$2:$D$1000, MATCH(0, INDEX(COUNTIF($AM$1:AM15, Helper_AllData!$D$2:$D$1000)+(Helper_AllData!$D$2:$D$1000=""), 0, 0), 0)), "") | AN16: =IFERROR(INDEX(Helper_AllData!$A$2:$A$1000, MATCH(0, INDEX(COUNTIF($AN$1:AN15, Helper_AllData!$A$2:$A$1000)+(Helper_AllData!$A$2:$A$1000=""), 0, 0), 0)), "") -> 应颜妍 Queen Ying
M17: 28 | N17: 140 | O17: 27 | P17: 143 | S17: 28 | T17: 156 | U17: 31 | V17: 154 | AL17: =IFERROR(INDEX(Helper_AllData!$C$2:$C$1000, MATCH(0, INDEX(COUNTIF($AL$1:AL16, Helper_AllData!$C$2:$C$1000)+(Helper_AllData!$C$2:$C$1000=""), 0, 0), 0)), "") | AM17: =IFERROR(INDEX(Helper_AllData!$D$2:$D$1000, MATCH(0, INDEX(COUNTIF($AM$1:AM16, Helper_AllData!$D$2:$D$1000)+(Helper_AllData!$D$2:$D$1000=""), 0, 0), 0)), "") | AN17: =IFERROR(INDEX(Helper_AllData!$A$2:$A$1000, MATCH(0, INDEX(COUNTIF($AN$1:AN16, Helper_AllData!$A$2:$A$1000)+(Helper_AllData!$A$2:$A$1000=""), 0, 0), 0)), "") -> 王翊名 Mia Wang
M18: 29 | N18: 145 | O18: 28 | P18: 145 | S18: 29 | T18: 160 | U18: 32 | V18: 156 | AL18: =IFERROR(INDEX(Helper_AllData!$C$2:$C$1000, MATCH(0, INDEX(COUNTIF($AL$1:AL17, Helper_AllData!$C$2:$C$1000)+(Helper_AllData!$C$2:$C$1000=""), 0, 0), 0)), "") | AM18: =IFERROR(INDEX(Helper_AllData!$D$2:$D$1000, MATCH(0, INDEX(COUNTIF($AM$1:AM17, Helper_AllData!$D$2:$D$1000)+(Helper_AllData!$D$2:$D$1000=""), 0, 0), 0)), "") | AN18: =IFERROR(INDEX(Helper_AllData!$A$2:$A$1000, MATCH(0, INDEX(COUNTIF($AN$1:AN17, Helper_AllData!$A$2:$A$1000)+(Helper_AllData!$A$2:$A$1000=""), 0, 0), 0)), "") -> 石蕴瑶 Yaoyao Shi
M19: 30 | N19: 150 | O19: 29 | P19: 148 | S19: 30 | T19: 163 | U19: 33 | V19: 158 | AL19: =IFERROR(INDEX(Helper_AllData!$C$2:$C$1000, MATCH(0, INDEX(COUNTIF($AL$1:AL18, Helper_AllData!$C$2:$C$1000)+(Helper_AllData!$C$2:$C$1000=""), 0, 0), 0)), "") | AM19: =IFERROR(INDEX(Helper_AllData!$D$2:$D$1000, MATCH(0, INDEX(COUNTIF($AM$1:AM18, Helper_AllData!$D$2:$D$1000)+(Helper_AllData!$D$2:$D$1000=""), 0, 0), 0)), "") | AN19: =IFERROR(INDEX(Helper_AllData!$A$2:$A$1000, MATCH(0, INDEX(COUNTIF($AN$1:AN18, Helper_AllData!$A$2:$A$1000)+(Helper_AllData!$A$2:$A$1000=""), 0, 0), 0)), "") -> 赵清晔 William Zhao
O20: 30 | P20: 150 | S20: 31 | T20: 166 | U20: 34 | V20: 160 | AL20: =IFERROR(INDEX(Helper_AllData!$C$2:$C$1000, MATCH(0, INDEX(COUNTIF($AL$1:AL19, Helper_AllData!$C$2:$C$1000)+(Helper_AllData!$C$2:$C$1000=""), 0, 0), 0)), "") | AM20: =IFERROR(INDEX(Helper_AllData!$D$2:$D$1000, MATCH(0, INDEX(COUNTIF($AM$1:AM19, Helper_AllData!$D$2:$D$1000)+(Helper_AllData!$D$2:$D$1000=""), 0, 0), 0)), "") | AN20: =IFERROR(INDEX(Helper_AllData!$A$2:$A$1000, MATCH(0, INDEX(COUNTIF($AN$1:AN19, Helper_AllData!$A$2:$A$1000)+(Helper_AllData!$A$2:$A$1000=""), 0, 0), 0)), "") -> 黄翊桐 Yaya Huang
S21: 32 | T21: 170 | U21: 35 | V21: 162 | AL21: =IFERROR(INDEX(Helper_AllData!$C$2:$C$1000, MATCH(0, INDEX(COUNTIF($AL$1:AL20, Helper_AllData!$C$2:$C$1000)+(Helper_AllData!$C$2:$C$1000=""), 0, 0), 0)), "") | AM21: =IFERROR(INDEX(Helper_AllData!$D$2:$D$1000, MATCH(0, INDEX(COUNTIF($AM$1:AM20, Helper_AllData!$D$2:$D$1000)+(Helper_AllData!$D$2:$D$1000=""), 0, 0), 0)), "") | AN21: =IFERROR(INDEX(Helper_AllData!$A$2:$A$1000, MATCH(0, INDEX(COUNTIF($AN$1:AN20, Helper_AllData!$A$2:$A$1000)+(Helper_AllData!$A$2:$A$1000=""), 0, 0), 0)), "") -> 刘泽楷 Nick Liu
U22: 36 | V22: 163 | AL22: =IFERROR(INDEX(Helper_AllData!$C$2:$C$1000, MATCH(0, INDEX(COUNTIF($AL$1:AL21, Helper_AllData!$C$2:$C$1000)+(Helper_AllData!$C$2:$C$1000=""), 0, 0), 0)), "") | AM22: =IFERROR(INDEX(Helper_AllData!$D$2:$D$1000, MATCH(0, INDEX(COUNTIF($AM$1:AM21, Helper_AllData!$D$2:$D$1000)+(Helper_AllData!$D$2:$D$1000=""), 0, 0), 0)), "") | AN22: =IFERROR(INDEX(Helper_AllData!$A$2:$A$1000, MATCH(0, INDEX(COUNTIF($AN$1:AN21, Helper_AllData!$A$2:$A$1000)+(Helper_AllData!$A$2:$A$1000=""), 0, 0), 0)), "") -> 刘野晨 Daniel Liu
U23: 37 | V23: 165 | AL23: =IFERROR(INDEX(Helper_AllData!$C$2:$C$1000, MATCH(0, INDEX(COUNTIF($AL$1:AL22, Helper_AllData!$C$2:$C$1000)+(Helper_AllData!$C$2:$C$1000=""), 0, 0), 0)), "") | AM23: =IFERROR(INDEX(Helper_AllData!$D$2:$D$1000, MATCH(0, INDEX(COUNTIF($AM$1:AM22, Helper_AllData!$D$2:$D$1000)+(Helper_AllData!$D$2:$D$1000=""), 0, 0), 0)), "") | AN23: =IFERROR(INDEX(Helper_AllData!$A$2:$A$1000, MATCH(0, INDEX(COUNTIF($AN$1:AN22, Helper_AllData!$A$2:$A$1000)+(Helper_AllData!$A$2:$A$1000=""), 0, 0), 0)), "") -> 夏添翊 Tommy Xia
U24: 38 | V24: 167 | AL24: =IFERROR(INDEX(Helper_AllData!$C$2:$C$1000, MATCH(0, INDEX(COUNTIF($AL$1:AL23, Helper_AllData!$C$2:$C$1000)+(Helper_AllData!$C$2:$C$1000=""), 0, 0), 0)), "") | AM24: =IFERROR(INDEX(Helper_AllData!$D$2:$D$1000, MATCH(0, INDEX(COUNTIF($AM$1:AM23, Helper_AllData!$D$2:$D$1000)+(Helper_AllData!$D$2:$D$1000=""), 0, 0), 0)), "") | AN24: =IFERROR(INDEX(Helper_AllData!$A$2:$A$1000, MATCH(0, INDEX(COUNTIF($AN$1:AN23, Helper_AllData!$A$2:$A$1000)+(Helper_AllData!$A$2:$A$1000=""), 0, 0), 0)), "") -> 张芮语 Ann Zhang
U25: 39 | V25: 168 | AL25: =IFERROR(INDEX(Helper_AllData!$C$2:$C$1000, MATCH(0, INDEX(COUNTIF($AL$1:AL24, Helper_AllData!$C$2:$C$1000)+(Helper_AllData!$C$2:$C$1000=""), 0, 0), 0)), "") | AM25: =IFERROR(INDEX(Helper_AllData!$D$2:$D$1000, MATCH(0, INDEX(COUNTIF($AM$1:AM24, Helper_AllData!$D$2:$D$1000)+(Helper_AllData!$D$2:$D$1000=""), 0, 0), 0)), "") | AN25: =IFERROR(INDEX(Helper_AllData!$A$2:$A$1000, MATCH(0, INDEX(COUNTIF($AN$1:AN24, Helper_AllData!$A$2:$A$1000)+(Helper_AllData!$A$2:$A$1000=""), 0, 0), 0)), "") -> 张茉凡 Kimberley Zhang
U26: 40 | V26: 170 | AL26: =IFERROR(INDEX(Helper_AllData!$C$2:$C$1000, MATCH(0, INDEX(COUNTIF($AL$1:AL25, Helper_AllData!$C$2:$C$1000)+(Helper_AllData!$C$2:$C$1000=""), 0, 0), 0)), "") | AM26: =IFERROR(INDEX(Helper_AllData!$D$2:$D$1000, MATCH(0, INDEX(COUNTIF($AM$1:AM25, Helper_AllData!$D$2:$D$1000)+(Helper_AllData!$D$2:$D$1000=""), 0, 0), 0)), "") | AN26: =IFERROR(INDEX(Helper_AllData!$A$2:$A$1000, MATCH(0, INDEX(COUNTIF($AN$1:AN25, Helper_AllData!$A$2:$A$1000)+(Helper_AllData!$A$2:$A$1000=""), 0, 0), 0)), "") -> 朱诗淇 Sophia Zhu
AL27: =IFERROR(INDEX(Helper_AllData!$C$2:$C$1000, MATCH(0, INDEX(COUNTIF($AL$1:AL26, Helper_AllData!$C$2:$C$1000)+(Helper_AllData!$C$2:$C$1000=""), 0, 0), 0)), "") | AM27: =IFERROR(INDEX(Helper_AllData!$D$2:$D$1000, MATCH(0, INDEX(COUNTIF($AM$1:AM26, Helper_AllData!$D$2:$D$1000)+(Helper_AllData!$D$2:$D$1000=""), 0, 0), 0)), "") | AN27: =IFERROR(INDEX(Helper_AllData!$A$2:$A$1000, MATCH(0, INDEX(COUNTIF($AN$1:AN26, Helper_AllData!$A$2:$A$1000)+(Helper_AllData!$A$2:$A$1000=""), 0, 0), 0)), "") -> 李翎嫣 Oli Li
AL28: =IFERROR(INDEX(Helper_AllData!$C$2:$C$1000, MATCH(0, INDEX(COUNTIF($AL$1:AL27, Helper_AllData!$C$2:$C$1000)+(Helper_AllData!$C$2:$C$1000=""), 0, 0), 0)), "") | AM28: =IFERROR(INDEX(Helper_AllData!$D$2:$D$1000, MATCH(0, INDEX(COUNTIF($AM$1:AM27, Helper_AllData!$D$2:$D$1000)+(Helper_AllData!$D$2:$D$1000=""), 0, 0), 0)), "") | AN28: =IFERROR(INDEX(Helper_AllData!$A$2:$A$1000, MATCH(0, INDEX(COUNTIF($AN$1:AN27, Helper_AllData!$A$2:$A$1000)+(Helper_AllData!$A$2:$A$1000=""), 0, 0), 0)), "") -> 林奕辰 Eason Lin
AL29: =IFERROR(INDEX(Helper_AllData!$C$2:$C$1000, MATCH(0, INDEX(COUNTIF($AL$1:AL28, Helper_AllData!$C$2:$C$1000)+(Helper_AllData!$C$2:$C$1000=""), 0, 0), 0)), "") | AM29: =IFERROR(INDEX(Helper_AllData!$D$2:$D$1000, MATCH(0, INDEX(COUNTIF($AM$1:AM28, Helper_AllData!$D$2:$D$1000)+(Helper_AllData!$D$2:$D$1000=""), 0, 0), 0)), "") | AN29: =IFERROR(INDEX(Helper_AllData!$A$2:$A$1000, MATCH(0, INDEX(COUNTIF($AN$1:AN28, Helper_AllData!$A$2:$A$1000)+(Helper_AllData!$A$2:$A$1000=""), 0, 0), 0)), "") -> 王薇童 Vera Wang
AL30: =IFERROR(INDEX(Helper_AllData!$C$2:$C$1000, MATCH(0, INDEX(COUNTIF($AL$1:AL29, Helper_AllData!$C$2:$C$1000)+(Helper_AllData!$C$2:$C$1000=""), 0, 0), 0)), "") | AM30: =IFERROR(INDEX(Helper_AllData!$D$2:$D$1000, MATCH(0, INDEX(COUNTIF($AM$1:AM29, Helper_AllData!$D$2:$D$1000)+(Helper_AllData!$D$2:$D$1000=""), 0, 0), 0)), "") | AN30: =IFERROR(INDEX(Helper_AllData!$A$2:$A$1000, MATCH(0, INDEX(COUNTIF($AN$1:AN29, Helper_AllData!$A$2:$A$1000)+(Helper_AllData!$A$2:$A$1000=""), 0, 0), 0)), "") -> 石帛玄 Mambo Shi
AL31: =IFERROR(INDEX(Helper_AllData!$C$2:$C$1000, MATCH(0, INDEX(COUNTIF($AL$1:AL30, Helper_AllData!$C$2:$C$1000)+(Helper_AllData!$C$2:$C$1000=""), 0, 0), 0)), "") | AM31: =IFERROR(INDEX(Helper_AllData!$D$2:$D$1000, MATCH(0, INDEX(COUNTIF($AM$1:AM30, Helper_AllData!$D$2:$D$1000)+(Helper_AllData!$D$2:$D$1000=""), 0, 0), 0)), "") | AN31: =IFERROR(INDEX(Helper_AllData!$A$2:$A$1000, MATCH(0, INDEX(COUNTIF($AN$1:AN30, Helper_AllData!$A$2:$A$1000)+(Helper_AllData!$A$2:$A$1000=""), 0, 0), 0)), "") -> 胡鸿轩 Lucas Hu
AL32: =IFERROR(INDEX(Helper_AllData!$C$2:$C$1000, MATCH(0, INDEX(COUNTIF($AL$1:AL31, Helper_AllData!$C$2:$C$1000)+(Helper_AllData!$C$2:$C$1000=""), 0, 0), 0)), "") | AM32: =IFERROR(INDEX(Helper_AllData!$D$2:$D$1000, MATCH(0, INDEX(COUNTIF($AM$1:AM31, Helper_AllData!$D$2:$D$1000)+(Helper_AllData!$D$2:$D$1000=""), 0, 0), 0)), "") | AN32: =IFERROR(INDEX(Helper_AllData!$A$2:$A$1000, MATCH(0, INDEX(COUNTIF($AN$1:AN31, Helper_AllData!$A$2:$A$1000)+(Helper_AllData!$A$2:$A$1000=""), 0, 0), 0)), "") -> 贺艺婕 Hesper He
AL33: =IFERROR(INDEX(Helper_AllData!$C$2:$C$1000, MATCH(0, INDEX(COUNTIF($AL$1:AL32, Helper_AllData!$C$2:$C$1000)+(Helper_AllData!$C$2:$C$1000=""), 0, 0), 0)), "") | AM33: =IFERROR(INDEX(Helper_AllData!$D$2:$D$1000, MATCH(0, INDEX(COUNTIF($AM$1:AM32, Helper_AllData!$D$2:$D$1000)+(Helper_AllData!$D$2:$D$1000=""), 0, 0), 0)), "") | AN33: =IFERROR(INDEX(Helper_AllData!$A$2:$A$1000, MATCH(0, INDEX(COUNTIF($AN$1:AN32, Helper_AllData!$A$2:$A$1000)+(Helper_AllData!$A$2:$A$1000=""), 0, 0), 0)), "") -> 郭哲宁 Kris Guo
AL34: =IFERROR(INDEX(Helper_AllData!$C$2:$C$1000, MATCH(0, INDEX(COUNTIF($AL$1:AL33, Helper_AllData!$C$2:$C$1000)+(Helper_AllData!$C$2:$C$1000=""), 0, 0), 0)), "") | AM34: =IFERROR(INDEX(Helper_AllData!$D$2:$D$1000, MATCH(0, INDEX(COUNTIF($AM$1:AM33, Helper_AllData!$D$2:$D$1000)+(Helper_AllData!$D$2:$D$1000=""), 0, 0), 0)), "") | AN34: =IFERROR(INDEX(Helper_AllData!$A$2:$A$1000, MATCH(0, INDEX(COUNTIF($AN$1:AN33, Helper_AllData!$A$2:$A$1000)+(Helper_AllData!$A$2:$A$1000=""), 0, 0), 0)), "") -> 陈辰 Chris Chen
AL35: =IFERROR(INDEX(Helper_AllData!$C$2:$C$1000, MATCH(0, INDEX(COUNTIF($AL$1:AL34, Helper_AllData!$C$2:$C$1000)+(Helper_AllData!$C$2:$C$1000=""), 0, 0), 0)), "") | AM35: =IFERROR(INDEX(Helper_AllData!$D$2:$D$1000, MATCH(0, INDEX(COUNTIF($AM$1:AM34, Helper_AllData!$D$2:$D$1000)+(Helper_AllData!$D$2:$D$1000=""), 0, 0), 0)), "") | AN35: =IFERROR(INDEX(Helper_AllData!$A$2:$A$1000, MATCH(0, INDEX(COUNTIF($AN$1:AN34, Helper_AllData!$A$2:$A$1000)+(Helper_AllData!$A$2:$A$1000=""), 0, 0), 0)), "") -> 吕一 Bella Lv
AL36: =IFERROR(INDEX(Helper_AllData!$C$2:$C$1000, MATCH(0, INDEX(COUNTIF($AL$1:AL35, Helper_AllData!$C$2:$C$1000)+(Helper_AllData!$C$2:$C$1000=""), 0, 0), 0)), "") | AM36: =IFERROR(INDEX(Helper_AllData!$D$2:$D$1000, MATCH(0, INDEX(COUNTIF($AM$1:AM35, Helper_AllData!$D$2:$D$1000)+(Helper_AllData!$D$2:$D$1000=""), 0, 0), 0)), "") | AN36: =IFERROR(INDEX(Helper_AllData!$A$2:$A$1000, MATCH(0, INDEX(COUNTIF($AN$1:AN35, Helper_AllData!$A$2:$A$1000)+(Helper_AllData!$A$2:$A$1000=""), 0, 0), 0)), "") -> 李浩辰 Henry Lee
AL37: =IFERROR(INDEX(Helper_AllData!$C$2:$C$1000, MATCH(0, INDEX(COUNTIF($AL$1:AL36, Helper_AllData!$C$2:$C$1000)+(Helper_AllData!$C$2:$C$1000=""), 0, 0), 0)), "") | AM37: =IFERROR(INDEX(Helper_AllData!$D$2:$D$1000, MATCH(0, INDEX(COUNTIF($AM$1:AM36, Helper_AllData!$D$2:$D$1000)+(Helper_AllData!$D$2:$D$1000=""), 0, 0), 0)), "") | AN37: =IFERROR(INDEX(Helper_AllData!$A$2:$A$1000, MATCH(0, INDEX(COUNTIF($AN$1:AN36, Helper_AllData!$A$2:$A$1000)+(Helper_AllData!$A$2:$A$1000=""), 0, 0), 0)), "") -> 胡瀚文 Jayden Hu
AL38: =IFERROR(INDEX(Helper_AllData!$C$2:$C$1000, MATCH(0, INDEX(COUNTIF($AL$1:AL37, Helper_AllData!$C$2:$C$1000)+(Helper_AllData!$C$2:$C$1000=""), 0, 0), 0)), "") | AM38: =IFERROR(INDEX(Helper_AllData!$D$2:$D$1000, MATCH(0, INDEX(COUNTIF($AM$1:AM37, Helper_AllData!$D$2:$D$1000)+(Helper_AllData!$D$2:$D$1000=""), 0, 0), 0)), "") | AN38: =IFERROR(INDEX(Helper_AllData!$A$2:$A$1000, MATCH(0, INDEX(COUNTIF($AN$1:AN37, Helper_AllData!$A$2:$A$1000)+(Helper_AllData!$A$2:$A$1000=""), 0, 0), 0)), "") -> 苏同吴 Lawrence Su
... AL201: =IFERROR(INDEX(Helper_AllData!$C$2:$C$1000, MATCH(0, INDEX(COUNTIF($AL$1:AL200, Helper_AllData!$C$2:$C$1000)+(Helper_AllData!$C$2:$C$1000=""), 0, 0), 0)), "") | AM201: =IFERROR(INDEX(Helper_AllData!$D$2:$D$1000, MATCH(0, INDEX(COUNTIF($AM$1:AM200, Helper_AllData!$D$2:$D$1000)+(Helper_AllData!$D$2:$D$1000=""), 0, 0), 0)), "") | AN201: =IFERROR(INDEX(Helper_AllData!$A$2:$A$1000, MATCH(0, INDEX(COUNTIF($AN$1:AN200, Helper_AllData!$A$2:$A$1000)+(Helper_AllData!$A$2:$A$1000=""), 0, 0), 0)), "")

Sheet 技能库
A1: ID (关键索引) | B1: Level | C1: Type-Part | D1: 满分 | E1: 考察能力 (Skill) | F1: 建议 (Advice)
A2: MOVERS_L-Pt1 | B2: Movers | C2: L-Pt1 | D2: 5 | E2: [听力] 听音辨人 (连线) | F2: 听前先看图，注意人物的衣着颜色和动作特征。
A3: MOVERS_L-Pt2 | B3: Movers | C3: L-Pt2 | D3: 5 | E3: [听力] 听取细节并填空 | F3: 重点练习拼写人名、地名以及抓取数字信息。
A4: MOVERS_L-Pt3 | B4: Movers | C4: L-Pt3 | D4: 5 | E4: [听力] 图片匹配 (星期/活动) | F4: 听完整的句子，注意区分过去几天做了什么，留意干扰项。
A5: MOVERS_L-Pt4 | B5: Movers | C5: L-Pt4 | D5: 5 | E5: [听力] 听取细节 (选择题) | F5: 每个小题都是一个小故事，注意听转折词 (but, no)。
A6: MOVERS_L-Pt5 | B6: Movers | C6: L-Pt5 | D6: 5 | E6: [听力] 听音涂色与书写 | F6: 区分位置介词，准确找到需要涂色的物体，只涂色不画画。
A7: MOVERS_RW-Pt1 | B7: Movers | C7: RW-Pt1 | D7: 5 | E7: [读写] 词汇定义匹配 | F7: 积累名词定义，注意区分功能相似的物品 (如不同种类的动物)。
A8: MOVERS_RW-Pt2 | B8: Movers | C8: RW-Pt2 | D8: 6 | E8: [读写] 补全对话 | F8: 结合上下文语境，注意问句和答句的时态一致性。
A9: MOVERS_RW-Pt3 | B9: Movers | C9: RW-Pt3 | D9: 6 | E9: [读写] 完形填空 (选词) | F9: 通读全文掌握大意，根据词性判断空格处应填名词还是动词。
A10: MOVERS_RW-Pt4 | B10: Movers | C10: RW-Pt4 | D10: 5 | E10: [读写] 多项选择 (语法) | F10: 重点考核语法基础，如名词单复数、代词指代、动词形式。
A11: MOVERS_RW-Pt5 | B11: Movers | C11: RW-Pt5 | D11: 7 | E11: [读写] 阅读故事补全句子 | F11: 练习同义替换，答案通常直接来自文章，不要自己编造。
A12: MOVERS_RW-Pt6 | B12: Movers | C12: RW-Pt6 | D12: 6 | E12: [读写] 看图写句子 | F12: 仔细观察图片，回答问题并写完整的句子，注意拼写。
A13: MOVERS_RW-Pt7 | B13: Movers | C13: RW-Pt7 | D13: 0 | E13: [N/A] Movers无此题型 | F13: 此级别不包含该部分。
... A64: FCE_L-Pt4 | B64: FCE | C64: L-Pt4 | D64: 7 | E64: [听力] 长篇访谈 (多选) | F64: 跟踪采访者的提问逻辑，区分事实陈述与个人观点。

Sheet MSE成绩库
A1: Class | B1: SET | C1: Name | D1: Level | E1: R-Pt1 | F1: R-Pt2 | G1: R-Pt3 | H1: R-Pt4 | I1: R-Pt5 | J1: R-Pt6 | K1: R-Pt7 | L1: R-Raw | M1: R-Scale | N1: W-Pt1 | O1: W-Pt2 | P1: W-Raw | Q1: W-Scale | R1: L-Pt1 | S1: L-Pt2 | T1: L-Pt3 | U1: L-Pt4 | V1: L-Pt5 | W1: L-Raw | X1: L-Scale | Y1: Total-Score | Z1: Grade | AA1: Reading Diagonosis | AB1: Writing Diagonosis | AC1: Listening Diagonosis | AD1: Exam Date
A2: 306 | B2: B1 | C2: 祝沐妍 Mia Zhu | D2: PET | E2: 3 | F2: 1 | G2: 3 | H2: 0 | I2: 3 | J2: 4 | L2: =IF(COUNT(E2:K2)>0, SUM(E2:K2), "") -> 14 | M2: =IF(L2="","", IFERROR(VLOOKUP(L2, IF(D2="KET", 换算标准!$M:$N, IF(D2="PET", 换算标准!$S:$T, 换算标准!$AC:$AD)), 2, TRUE), 0)) -> 122 | P2: =IF(COUNT(N2:O2)>0, SUM(N2:O2), "") | Q2: =IF(P2="","", IFERROR(VLOOKUP(P2, IF(D2="KET", 换算标准!$O:$P, IF(D2="PET", 换算标准!$U:$V, 换算标准!$AG:$AH)), 2, TRUE), 0)) | R2: 7 | S2: 4 | T2: 6 | U2: 4 | W2: =IF(COUNT(R2:V2)>0, SUM(R2:V2), "") -> 21 | X2: =IF(W2="","", IFERROR(VLOOKUP(W2, IF(D2="KET", 换算标准!$Q:$R, IF(D2="PET", 换算标准!$W:$X, 换算标准!$AI:$AJ)), 2, TRUE), 0)) -> 152 | Y2: =IF(COUNT(M2,Q2,X2)>0, AVERAGE(M2,Q2,X2), "") -> 137 | Z2: =IF(Y2="","", IFERROR(VLOOKUP(Y2, 换算标准!$Z:$AA, 1, TRUE), "")) | AA2: =IF(L2="","", "⚠️ 薄弱环节: "&INDEX($E$1:$K$1, MATCH(MIN(E2:K2), E2:K2, 0))&CHAR(10)&"📉 考察能力: "&IFERROR(VLOOKUP(TRIM(D2)&"_"&TRIM(INDEX($E$1:$K$1, MATCH(MIN(E2:K2), E2:K2, 0))), 技能库!$A:$F, 5, 0),"建议查阅考纲")&CHAR(10)&"💡 提升建议: "&IFERROR(VLOOKUP(TRIM(D2)&"_"&TRIM(INDEX($E$1:$K$1, MATCH(MIN(E2:K2), E2:K2, 0))), 技能库!$A:$F, 6, 0),"请针对该题型加强练习")) -> ⚠️ 薄弱环节: R-Pt4 📉 考察能力: [阅读] 句子还原 (填空) 💡 提升建议: 逻辑性极强，需关注代词指代和上下文逻辑连接词。 | AB2: =IF(P2="","", "⚠️ 薄弱环节: "&INDEX($N$1:$O$1, MATCH(MIN(N2:O2), N2:O2, 0))&CHAR(10)&"📉 考察能力: "&IFERROR(VLOOKUP(TRIM(D2)&"_"&TRIM(INDEX($N$1:$O$1, MATCH(MIN(N2:O2), N2:O2, 0))), 技能库!$A:$F, 5, 0),"建议查阅考纲")&CHAR(10)&"💡 提升建议: "&IFERROR(VLOOKUP(TRIM(D2)&"_"&TRIM(INDEX($N$1:$O$1, MATCH(MIN(N2:O2), N2:O2, 0))), 技能库!$A:$F, 6, 0),"请针对该题型加强练习")) | AC2: =IF(W2="","", "⚠️ 薄弱环节: "&INDEX($R$1:$V$1, MATCH(MIN(R2:V2), R2:V2, 0))&CHAR(10)&"📉 考察能力: "&IFERROR(VLOOKUP(TRIM(D2)&"_"&TRIM(INDEX($R$1:$V$1, MATCH(MIN(R2:V2), R2:V2, 0))), 技能库!$A:$F, 5, 0),"建议查阅考纲")&CHAR(10)&"💡 提升建议: "&IFERROR(VLOOKUP(TRIM(D2)&"_"&TRIM(INDEX($R$1:$V$1, MATCH(MIN(R2:V2), R2:V2, 0))), 技能库!$A:$F, 6, 0),"请针对该题型加强练习")) -> ⚠️ 薄弱环节: L-Pt2 📉 考察能力: [听力] 多选 (短对话) 💡 提升建议: 听懂说话人的态度、观点和意图。 | AD2: 2024-01-15
A3: 302 | B3: B1 | C3: 孙雨萱 Annie Sun | D3: PET | E3: 4 | F3: 1 | G3: 4 | H3: 2 | I3: 2 | J3: 4 | L3: =IF(COUNT(E3:K3)>0, SUM(E3:K3), "") -> 17 | M3: =IF(L3="","", IFERROR(VLOOKUP(L3, IF(D3="KET", 换算标准!$M:$N, IF(D3="PET", 换算标准!$S:$T, 换算标准!$AC:$AD)), 2, TRUE), 0)) -> 128 | P3: =IF(COUNT(N3:O3)>0, SUM(N3:O3), "") | Q3: =IF(P3="","", IFERROR(VLOOKUP(P3, IF(D3="KET", 换算标准!$O:$P, IF(D3="PET", 换算标准!$U:$V, 换算标准!$AG:$AH)), 2, TRUE), 0)) | R3: 7 | S3: 5 | T3: 5 | U3: 2 | W3: =IF(COUNT(R3:V3)>0, SUM(R3:V3), "") -> 19 | X3: =IF(W3="","", IFERROR(VLOOKUP(W3, IF(D3="KET", 换算标准!$Q:$R, IF(D3="PET", 换算标准!$W:$X, 换算标准!$AI:$AJ)), 2, TRUE), 0)) -> 144 | Y3: =IF(COUNT(M3,Q3,X3)>0, AVERAGE(M3,Q3,X3), "") -> 136 | Z3: =IF(Y3="","", IFERROR(VLOOKUP(Y3, 换算标准!$Z:$AA, 1, TRUE), "")) | AA3: =IF(L3="","", "⚠️ 薄弱环节: "&INDEX($E$1:$K$1, MATCH(MIN(E3:K3), E3:K3, 0))&CHAR(10)&"📉 考察能力: "&IFERROR(VLOOKUP(TRIM(D3)&"_"&TRIM(INDEX($E$1:$K$1, MATCH(MIN(E3:K3), E3:K3, 0))), 技能库!$A:$F, 5, 0),"建议查阅考纲")&CHAR(10)&"💡 提升建议: "&IFERROR(VLOOKUP(TRIM(D3)&"_"&TRIM(INDEX($E$1:$K$1, MATCH(MIN(E3:K3), E3:K3, 0))), 技能库!$A:$F, 6, 0),"请针对该题型加强练习")) -> ⚠️ 薄弱环节: R-Pt2 📉 考察能力: [阅读] 人物与描述匹配 💡 提升建议: 阅读量大，练习划关键词，寻找完全匹配项。 | AB3: =IF(P3="","", "⚠️ 薄弱环节: "&INDEX($N$1:$O$1, MATCH(MIN(N3:O3), N3:O3, 0))&CHAR(10)&"📉 考察能力: "&IFERROR(VLOOKUP(TRIM(D3)&"_"&TRIM(INDEX($N$1:$O$1, MATCH(MIN(N3:O3), N3:O3, 0))), 技能库!$A:$F, 5, 0),"建议查阅考纲")&CHAR(10)&"💡 提升建议: "&IFERROR(VLOOKUP(TRIM(D3)&"_"&TRIM(INDEX($N$1:$O$1, MATCH(MIN(N3:O3), N3:O3, 0))), 技能库!$A:$F, 6, 0),"请针对该题型加强练习")) | AC3: =IF(W3="","", "⚠️ 薄弱环节: "&INDEX($R$1:$V$1, MATCH(MIN(R3:V3), R3:V3, 0))&CHAR(10)&"📉 考察能力: "&IFERROR(VLOOKUP(TRIM(D3)&"_"&TRIM(INDEX($R$1:$V$1, MATCH(MIN(R3:V3), R3:V3, 0))), 技能库!$A:$F, 5, 0),"建议查阅考纲")&CHAR(10)&"💡 提升建议: "&IFERROR(VLOOKUP(TRIM(D3)&"_"&TRIM(INDEX($R$1:$V$1, MATCH(MIN(R3:V3), R3:V3, 0))), 技能库!$A:$F, 6, 0),"请针对该题型加强练习")) -> ⚠️ 薄弱环节: L-Pt4 📉 考察能力: [听力] 多选 (长采访) 💡 提升建议: 听懂详细的观点阐述，理解对话深层逻辑。 | AD3: 2024-01-15
A4: 302 | B4: B1 | C4: 戴依唯 Ivy Dai | D4: PET | E4: 3 | F4: 5 | G4: 2 | L4: =IF(COUNT(E4:K4)>0, SUM(E4:K4), "") -> 10 | M4: =IF(L4="","", IFERROR(VLOOKUP(L4, IF(D4="KET", 换算标准!$M:$N, IF(D4="PET", 换算标准!$S:$T, 换算标准!$AC:$AD)), 2, TRUE), 0)) -> 0 | P4: =IF(COUNT(N4:O4)>0, SUM(N4:O4), "") | Q4: =IF(P4="","", IFERROR(VLOOKUP(P4, IF(D4="KET", 换算标准!$O:$P, IF(D4="PET", 换算标准!$U:$V, 换算标准!$AG:$AH)), 2, TRUE), 0)) | R4: 7 | S4: 5 | T4: 3 | U4: 3 | W4: =IF(COUNT(R4:V4)>0, SUM(R4:V4), "") -> 18 | X4: =IF(W4="","", IFERROR(VLOOKUP(W4, IF(D4="KET", 换算标准!$Q:$R, IF(D4="PET", 换算标准!$W:$X, 换算标准!$AI:$AJ)), 2, TRUE), 0)) -> 140 | Y4: =IF(COUNT(M4,Q4,X4)>0, AVERAGE(M4,Q4,X4), "") -> 70 | Z4: =IF(Y4="","", IFERROR(VLOOKUP(Y4, 换算标准!$Z:$AA, 1, TRUE), "")) | AA4: =IF(L4="","", "⚠️ 薄弱环节: "&INDEX($E$1:$K$1, MATCH(MIN(E4:K4), E4:K4, 0))&CHAR(10)&"📉 考察能力: "&IFERROR(VLOOKUP(TRIM(D4)&"_"&TRIM(INDEX($E$1:$K$1, MATCH(MIN(E4:K4), E4:K4, 0))), 技能库!$A:$F, 5, 0),"建议查阅考纲")&CHAR(10)&"💡 提升建议: "&IFERROR(VLOOKUP(TRIM(D4)&"_"&TRIM(INDEX($E$1:$K$1, MATCH(MIN(E4:K4), E4:K4, 0))), 技能库!$A:$F, 6, 0),"请针对该题型加强练习")) -> ⚠️ 薄弱环节: R-Pt3 📉 考察能力: [阅读] 长文理解 (多选) 💡 提升建议: 深入理解文章结构，区分事实与观点。 | AB4: =IF(P4="","", "⚠️ 薄弱环节: "&INDEX($N$1:$O$1, MATCH(MIN(N4:O4), N4:O4, 0))&CHAR(10)&"📉 考察能力: "&IFERROR(VLOOKUP(TRIM(D4)&"_"&TRIM(INDEX($N$1:$O$1, MATCH(MIN(N4:O4), N4:O4, 0))), 技能库!$A:$F, 5, 0),"建议查阅考纲")&CHAR(10)&"💡 提升建议: "&IFERROR(VLOOKUP(TRIM(D4)&"_"&TRIM(INDEX($N$1:$O$1, MATCH(MIN(N4:O4), N4:O4, 0))), 技能库!$A:$F, 6, 0),"请针对该题型加强练习")) | AC4: =IF(W4="","", "⚠️ 薄弱环节: "&INDEX($R$1:$V$1, MATCH(MIN(R4:V4), R4:V4, 0))&CHAR(10)&"📉 考察能力: "&IFERROR(VLOOKUP(TRIM(D4)&"_"&TRIM(INDEX($R$1:$V$1, MATCH(MIN(R4:V4), R4:V4, 0))), 技能库!$A:$F, 5, 0),"建议查阅考纲")&CHAR(10)&"💡 提升建议: "&IFERROR(VLOOKUP(TRIM(D4)&"_"&TRIM(INDEX($R$1:$V$1, MATCH(MIN(R4:V4), R4:V4, 0))), 技能库!$A:$F, 6, 0),"请针对该题型加强练习")) -> ⚠️ 薄弱环节: L-Pt3 📉 考察能力: [听力] 填空 (长独白) 💡 提升建议: 听懂说明性文字，捕捉并准确拼写关键名词或数字。 | AD4: 2024-01-15
A5: 302 | B5: B1 | C5: 项思为 Emma Xiang | D5: PET | E5: 1 | F5: 1 | G5: 1 | H5: 1 | I5: 3 | J5: 3 | L5: =IF(COUNT(E5:K5)>0, SUM(E5:K5), "") -> 10 | M5: =IF(L5="","", IFERROR(VLOOKUP(L5, IF(D5="KET", 换算标准!$M:$N, IF(D5="PET", 换算标准!$S:$T, 换算标准!$AC:$AD)), 2, TRUE), 0)) -> 0 | P5: =IF(COUNT(N5:O5)>0, SUM(N5:O5), "") | Q5: =IF(P5="","", IFERROR(VLOOKUP(P5, IF(D5="KET", 换算标准!$O:$P, IF(D5="PET", 换算标准!$U:$V, 换算标准!$AG:$AH)), 2, TRUE), 0)) | R5: 7 | S5: 5 | T5: 3 | U5: 2 | W5: =IF(COUNT(R5:V5)>0, SUM(R5:V5), "") -> 17 | X5: =IF(W5="","", IFERROR(VLOOKUP(W5, IF(D5="KET", 换算标准!$Q:$R, IF(D5="PET", 换算标准!$W:$X, 换算标准!$AI:$AJ)), 2, TRUE), 0)) -> 137 | Y5: =IF(COUNT(M5,Q5,X5)>0, AVERAGE(M5,Q5,X5), "") -> 68.5 | Z5: =IF(Y5="","", IFERROR(VLOOKUP(Y5, 换算标准!$Z:$AA, 1, TRUE), "")) | AA5: =IF(L5="","", "⚠️ 薄弱环节: "&INDEX($E$1:$K$1, MATCH(MIN(E5:K5), E5:K5, 0))&CHAR(10)&"📉 考察能力: "&IFERROR(VLOOKUP(TRIM(D5)&"_"&TRIM(INDEX($E$1:$K$1, MATCH(MIN(E5:K5), E5:K5, 0))), 技能库!$A:$F, 5, 0),"建议查阅考纲")&CHAR(10)&"💡 提升建议: "&IFERROR(VLOOKUP(TRIM(D5)&"_"&TRIM(INDEX($E$1:$K$1, MATCH(MIN(E5:K5), E5:K5, 0))), 技能库!$A:$F, 6, 0),"请针对该题型加强练习")) -> ⚠️ 薄弱环节: R-Pt1 📉 考察能力: [阅读] 短讯息主旨 💡 提升建议: 注意细微的情感态度差异，理解隐含意义。 | AB5: =IF(P5="","", "⚠️ 薄弱环节: "&INDEX($N$1:$O$1, MATCH(MIN(N5:O5), N5:O5, 0))&CHAR(10)&"📉 考察能力: "&IFERROR(VLOOKUP(TRIM(D5)&"_"&TRIM(INDEX($N$1:$O$1, MATCH(MIN(N5:O5), N5:O5, 0))), 技能库!$A:$F, 5, 0),"建议查阅考纲")&CHAR(10)&"💡 提升建议: "&IFERROR(VLOOKUP(TRIM(D5)&"_"&TRIM(INDEX($N$1:$O$1, MATCH(MIN(N5:O5), N5:O5, 0))), 技能库!$A:$F, 6, 0),"请针对该题型加强练习")) | AC5: =IF(W5="","", "⚠️ 薄弱环节: "&INDEX($R$1:$V$1, MATCH(MIN(R5:V5), R5:V5, 0))&CHAR(10)&"📉 考察能力: "&IFERROR(VLOOKUP(TRIM(D5)&"_"&TRIM(INDEX($R$1:$V$1, MATCH(MIN(R5:V5), R5:V5, 0))), 技能库!$A:$F, 5, 0),"建议查阅考纲")&CHAR(10)&"💡 提升建议: "&IFERROR(VLOOKUP(TRIM(D5)&"_"&TRIM(INDEX($R$1:$V$1, MATCH(MIN(R5:V5), R5:V5, 0))), 技能库!$A:$F, 6, 0),"请针对该题型加强练习")) -> ⚠️ 薄弱环节: L-Pt4 📉 考察能力: [听力] 多选 (长采访) 💡 提升建议: 听懂详细的观点阐述，理解对话深层逻辑。 | AD5: 2024-01-15
A6: 302 | B6: B1 | C6: 孙梓木 Jackson Sun | D6: KET | E6: 0 | F6: 6 | G6: 5 | H6: 5 | I6: 4 | L6: =IF(COUNT(E6:K6)>0, SUM(E6:K6), "") -> 20 | M6: =IF(L6="","", IFERROR(VLOOKUP(L6, IF(D6="KET", 换算标准!$M:$N, IF(D6="PET", 换算标准!$S:$T, 换算标准!$AC:$AD)), 2, TRUE), 0)) -> 120 | N6: 7 | O6: 9 | P6: =IF(COUNT(N6:O6)>0, SUM(N6:O6), "") -> 16 | Q6: =IF(P6="","", IFERROR(VLOOKUP(P6, IF(D6="KET", 换算标准!$O:$P, IF(D6="PET", 换算标准!$U:$V, 换算标准!$AG:$AH)), 2, TRUE), 0)) -> 114 | R6: 4 | S6: 3 | T6: 4 | U6: 4 | V6: 5 | W6: =IF(COUNT(R6:V6)>0, SUM(R6:V6), "") -> 20 | X6: =IF(W6="","", IFERROR(VLOOKUP(W6, IF(D6="KET", 换算标准!$Q:$R, IF(D6="PET", 换算标准!$W:$X, 换算标准!$AI:$AJ)), 2, TRUE), 0)) -> 130 | Y6: =IF(COUNT(M6,Q6,X6)>0, AVERAGE(M6,Q6,X6), "") -> 121.33333 | Z6: =IF(Y6="","", IFERROR(VLOOKUP(Y6, 换算标准!$Z:$AA, 1, TRUE), "")) | AA6: =IF(L6="","", "⚠️ 薄弱环节: "&INDEX($E$1:$K$1, MATCH(MIN(E6:K6), E6:K6, 0))&CHAR(10)&"📉 考察能力: "&IFERROR(VLOOKUP(TRIM(D6)&"_"&TRIM(INDEX($E$1:$K$1, MATCH(MIN(E6:K6), E6:K6, 0))), 技能库!$A:$F, 5, 0),"建议查阅考纲")&CHAR(10)&"💡 提升建议: "&IFERROR(VLOOKUP(TRIM(D6)&"_"&TRIM(INDEX($E$1:$K$1, MATCH(MIN(E6:K6), E6:K6, 0))), 技能库!$A:$F, 6, 0),"请针对该题型加强练习")) -> ⚠️ 薄弱环节: R-Pt1 📉 考察能力: [阅读] 短讯息主旨理解 💡 提升建议: 关注生活中的标识、短信，练习找出关键词的同义替换。 | AB6: =IF(P6="","", "⚠️ 薄弱环节: "&INDEX($N$1:$O$1, MATCH(MIN(N6:O6), N6:O6, 0))&CHAR(10)&"📉 考察能力: "&IFERROR(VLOOKUP(TRIM(D6)&"_"&TRIM(INDEX($N$1:$O$1, MATCH(MIN(N6:O6), N6:O6, 0))), 技能库!$A:$F, 5, 0),"建议查阅考纲")&CHAR(10)&"💡 提升建议: "&IFERROR(VLOOKUP(TRIM(D6)&"_"&TRIM(INDEX($N$1:$O$1, MATCH(MIN(N6:O6), N6:O6, 0))), 技能库!$A:$F, 6, 0),"请针对该题型加强练习")) -> ⚠️ 薄弱环节: W-Pt1 📉 考察能力: [写作] 短邮件/便条 💡 提升建议: 必须覆盖所有3个要点，注意语域恰当，无拼写语法错误。 | AC6: =IF(W6="","", "⚠️ 薄弱环节: "&INDEX($R$1:$V$1, MATCH(MIN(R6:V6), R6:V6, 0))&CHAR(10)&"📉 考察能力: "&IFERROR(VLOOKUP(TRIM(D6)&"_"&TRIM(INDEX($R$1:$V$1, MATCH(MIN(R6:V6), R6:V6, 0))), 技能库!$A:$F, 5, 0),"建议查阅考纲")&CHAR(10)&"💡 提升建议: "&IFERROR(VLOOKUP(TRIM(D6)&"_"&TRIM(INDEX($R$1:$V$1, MATCH(MIN(R6:V6), R6:V6, 0))), 技能库!$A:$F, 6, 0),"请针对该题型加强练习")) -> ⚠️ 薄弱环节: L-Pt2 📉 考察能力: [听力] 填空 (信息记录) 💡 提升建议: 强化数字、价格、日期、拼写的听写训练。 | AD6: 2024-01-15
A7: 304 | B7: B1 | C7: 孙策 Lucas Sun | D7: KET | E7: 3 | F7: 7 | G7: 5 | H7: 5 | I7: 3 | L7: =IF(COUNT(E7:K7)>0, SUM(E7:K7), "") -> 23 | M7: =IF(L7="","", IFERROR(VLOOKUP(L7, IF(D7="KET", 换算标准!$M:$N, IF(D7="PET", 换算标准!$S:$T, 换算标准!$AC:$AD)), 2, TRUE), 0)) -> 127 | N7: 0 | O7: 0 | P7: =IF(COUNT(N7:O7)>0, SUM(N7:O7), "") -> 0 | Q7: =IF(P7="","", IFERROR(VLOOKUP(P7, IF(D7="KET", 换算标准!$O:$P, IF(D7="PET", 换算标准!$U:$V, 换算标准!$AG:$AH)), 2, TRUE), 0)) -> 0 | R7: 4 | S7: 1 | T7: 4 | U7: 3 | V7: 3 | W7: =IF(COUNT(R7:V7)>0, SUM(R7:V7), "") -> 15 | X7: =IF(W7="","", IFERROR(VLOOKUP(W7, IF(D7="KET", 换算标准!$Q:$R, IF(D7="PET", 换算标准!$W:$X, 换算标准!$AI:$AJ)), 2, TRUE), 0)) -> 113 | Y7: =IF(COUNT(M7,Q7,X7)>0, AVERAGE(M7,Q7,X7), "") -> 80 | Z7: =IF(Y7="","", IFERROR(VLOOKUP(Y7, 换算标准!$Z:$AA, 1, TRUE), "")) | AA7: =IF(L7="","", "⚠️ 薄弱环节: "&INDEX($E$1:$K$1, MATCH(MIN(E7:K7), E7:K7, 0))&CHAR(10)&"📉 考察能力: "&IFERROR(VLOOKUP(TRIM(D7)&"_"&TRIM(INDEX($E$1:$K$1, MATCH(MIN(E7:K7), E7:K7, 0))), 技能库!$A:$F, 5, 0),"建议查阅考纲")&CHAR(10)&"💡 提升建议: "&IFERROR(VLOOKUP(TRIM(D7)&"_"&TRIM(INDEX($E$1:$K$1, MATCH(MIN(E7:K7), E7:K7, 0))), 技能库!$A:$F, 6, 0),"请针对该题型加强练习")) -> ⚠️ 薄弱环节: R-Pt1 📉 考察能力: [阅读] 短讯息主旨理解 💡 提升建议: 关注生活中的标识、短信，练习找出关键词的同义替换。 | AB7: =IF(P7="","", "⚠️ 薄弱环节: "&INDEX($N$1:$O$1, MATCH(MIN(N7:O7), N7:O7, 0))&CHAR(10)&"📉 考察能力: "&IFERROR(VLOOKUP(TRIM(D7)&"_"&TRIM(INDEX($N$1:$O$1, MATCH(MIN(N7:O7), N7:O7, 0))), 技能库!$A:$F, 5, 0),"建议查阅考纲")&CHAR(10)&"💡 提升建议: "&IFERROR(VLOOKUP(TRIM(D7)&"_"&TRIM(INDEX($N$1:$O$1, MATCH(MIN(N7:O7), N7:O7, 0))), 技能库!$A:$F, 6, 0),"请针对该题型加强练习")) -> ⚠️ 薄弱环节: W-Pt1 📉 考察能力: [写作] 短邮件/便条 💡 提升建议: 必须覆盖所有3个要点，注意语域恰当，无拼写语法错误。 | AC7: =IF(W7="","", "⚠️ 薄弱环节: "&INDEX($R$1:$V$1, MATCH(MIN(R7:V7), R7:V7, 0))&CHAR(10)&"📉 考察能力: "&IFERROR(VLOOKUP(TRIM(D7)&"_"&TRIM(INDEX($R$1:$V$1, MATCH(MIN(R7:V7), R7:V7, 0))), 技能库!$A:$F, 5, 0),"建议查阅考纲")&CHAR(10)&"💡 提升建议: "&IFERROR(VLOOKUP(TRIM(D7)&"_"&TRIM(INDEX($R$1:$V$1, MATCH(MIN(R7:V7), R7:V7, 0))), 技能库!$A:$F, 6, 0),"请针对该题型加强练习")) -> ⚠️ 薄弱环节: L-Pt2 📉 考察能力: [听力] 填空 (信息记录) 💡 提升建议: 强化数字、价格、日期、拼写的听写训练。 | AD7: 2024-01-15
A8: 302 | B8: B1 | C8: 徐一濯 Ejay Xu | D8: KET | E8: 5 | F8: 5 | G8: 5 | H8: 6 | I8: 5 | L8: =IF(COUNT(E8:K8)>0, SUM(E8:K8), "") -> 26 | M8: =IF(L8="","", IFERROR(VLOOKUP(L8, IF(D8="KET", 换算标准!$M:$N, IF(D8="PET", 换算标准!$S:$T, 换算标准!$AC:$AD)), 2, TRUE), 0)) -> 135 | N8: 14 | O8: 13 | P8: =IF(COUNT(N8:O8)>0, SUM(N8:O8), "") -> 27 | Q8: =IF(P8="","", IFERROR(VLOOKUP(P8, IF(D8="KET", 换算标准!$O:$P, IF(D8="PET", 换算标准!$U:$V, 换算标准!$AG:$AH)), 2, TRUE), 0)) -> 143 | R8: 2 | S8: 4 | T8: 5 | U8: 5 | V8: 3 | W8: =IF(COUNT(R8:V8)>0, SUM(R8:V8), "") -> 19 | X8: =IF(W8="","", IFERROR(VLOOKUP(W8, IF(D8="KET", 换算标准!$Q:$R, IF(D8="PET", 换算标准!$W:$X, 换算标准!$AI:$AJ)), 2, TRUE), 0)) -> 126 | Y8: =IF(COUNT(M8,Q8,X8)>0, AVERAGE(M8,Q8,X8), "") -> 134.66667 | Z8: =IF(Y8="","", IFERROR(VLOOKUP(Y8, 换算标准!$Z:$AA, 1, TRUE), "")) | AA8: =IF(L8="","", "⚠️ 薄弱环节: "&INDEX($E$1:$K$1, MATCH(MIN(E8:K8), E8:K8, 0))&CHAR(10)&"📉 考察能力: "&IFERROR(VLOOKUP(TRIM(D8)&"_"&TRIM(INDEX($E$1:$K$1, MATCH(MIN(E8:K8), E8:K8, 0))), 技能库!$A:$F, 5, 0),"建议查阅考纲")&CHAR(10)&"💡 提升建议: "&IFERROR(VLOOKUP(TRIM(D8)&"_"&TRIM(INDEX($E$1:$K$1, MATCH(MIN(E8:K8), E8:K8, 0))), 技能库!$A:$F, 6, 0),"请针对该题型加强练习")) -> ⚠️ 薄弱环节: R-Pt1 📉 考察能力: [阅读] 短讯息主旨理解 💡 提升建议: 关注生活中的标识、短信，练习找出关键词的同义替换。 | AB8: =IF(P8="","", "⚠️ 薄弱环节: "&INDEX($N$1:$O$1, MATCH(MIN(N8:O8), N8:O8, 0))&CHAR(10)&"📉 考察能力: "&IFERROR(VLOOKUP(TRIM(D8)&"_"&TRIM(INDEX($N$1:$O$1, MATCH(MIN(N8:O8), N8:O8, 0))), 技能库!$A:$F, 5, 0),"建议查阅考纲")&CHAR(10)&"💡 提升建议: "&IFERROR(VLOOKUP(TRIM(D8)&"_"&TRIM(INDEX($N$1:$O$1, MATCH(MIN(N8:O8), N8:O8, 0))), 技能库!$A:$F, 6, 0),"请针对该题型加强练习")) -> ⚠️ 薄弱环节: W-Pt2 📉 考察能力: [写作] 看图写故事 💡 提升建议: 运用 linking words (so, because) 串联图片，注意过去时态。 | AC8: =IF(W8="","", "⚠️ 薄弱环节: "&INDEX($R$1:$V$1, MATCH(MIN(R8:V8), R8:V8, 0))&CHAR(10)&"📉 考察能力: "&IFERROR(VLOOKUP(TRIM(D8)&"_"&TRIM(INDEX($R$1:$V$1, MATCH(MIN(R8:V8), R8:V8, 0))), 技能库!$A:$F, 5, 0),"建议查阅考纲")&CHAR(10)&"💡 提升建议: "&IFERROR(VLOOKUP(TRIM(D8)&"_"&TRIM(INDEX($R$1:$V$1, MATCH(MIN(R8:V8), R8:V8, 0))), 技能库!$A:$F, 6, 0),"请针对该题型加强练习")) -> ⚠️ 薄弱环节: L-Pt1 📉 考察能力: [听力] 多选 (关键信息) 💡 提升建议: 警惕干扰项，通常听到的第一个选项是错误的，听完整再选。 | AD8: 2024-01-15
A9: 304 | B9: B1 | C9: 徐昀 Constance Xu | D9: KET | E9: 4 | F9: 7 | G9: 3 | H9: 3 | I9: 3 | L9: =IF(COUNT(E9:K9)>0, SUM(E9:K9), "") -> 20 | M9: =IF(L9="","", IFERROR(VLOOKUP(L9, IF(D9="KET", 换算标准!$M:$N, IF(D9="PET", 换算标准!$S:$T, 换算标准!$AC:$AD)), 2, TRUE), 0)) -> 120 | N9: 0 | O9: 0 | P9: =IF(COUNT(N9:O9)>0, SUM(N9:O9), "") -> 0 | Q9: =IF(P9="","", IFERROR(VLOOKUP(P9, IF(D9="KET", 换算标准!$O:$P, IF(D9="PET", 换算标准!$U:$V, 换算标准!$AG:$AH)), 2, TRUE), 0)) -> 0 | R9: 3 | S9: 1 | T9: 5 | U9: 5 | V9: 5 | W9: =IF(COUNT(R9:V9)>0, SUM(R9:V9), "") -> 19 | X9: =IF(W9="","", IFERROR(VLOOKUP(W9, IF(D9="KET", 换算标准!$Q:$R, IF(D9="PET", 换算标准!$W:$X, 换算标准!$AI:$AJ)), 2, TRUE), 0)) -> 126 | Y9: =IF(COUNT(M9,Q9,X9)>0, AVERAGE(M9,Q9,X9), "") -> 82 | Z9: =IF(Y9="","", IFERROR(VLOOKUP(Y9, 换算标准!$Z:$AA, 1, TRUE), "")) | AA9: =IF(L9="","", "⚠️ 薄弱环节: "&INDEX($E$1:$K$1, MATCH(MIN(E9:K9), E9:K9, 0))&CHAR(10)&"📉 考察能力: "&IFERROR(VLOOKUP(TRIM(D9)&"_"&TRIM(INDEX($E$1:$K$1, MATCH(MIN(E9:K9), E9:K9, 0))), 技能库!$A:$F, 5, 0),"建议查阅考纲")&CHAR(10)&"💡 提升建议: "&IFERROR(VLOOKUP(TRIM(D9)&"_"&TRIM(INDEX($E$1:$K$1, MATCH(MIN(E9:K9), E9:K9, 0))), 技能库!$A:$F, 6, 0),"请针对该题型加强练习")) -> ⚠️ 薄弱环节: R-Pt3 📉 考察能力: [阅读] 长文主旨理解 💡 提升建议: 提升长难句阅读能力，关注段落大意和作者态度。 | AB9: =IF(P9="","", "⚠️ 薄弱环节: "&INDEX($N$1:$O$1, MATCH(MIN(N9:O9), N9:O9, 0))&CHAR(10)&"📉 考察能力: "&IFERROR(VLOOKUP(TRIM(D9)&"_"&TRIM(INDEX($N$1:$O$1, MATCH(MIN(N9:O9), N9:O9, 0))), 技能库!$A:$F, 5, 0),"建议查阅考纲")&CHAR(10)&"💡 提升建议: "&IFERROR(VLOOKUP(TRIM(D9)&"_"&TRIM(INDEX($N$1:$O$1, MATCH(MIN(N9:O9), N9:O9, 0))), 技能库!$A:$F, 6, 0),"请针对该题型加强练习")) -> ⚠️ 薄弱环节: W-Pt1 📉 考察能力: [写作] 短邮件/便条 💡 提升建议: 必须覆盖所有3个要点，注意语域恰当，无拼写语法错误。 | AC9: =IF(W9="","", "⚠️ 薄弱环节: "&INDEX($R$1:$V$1, MATCH(MIN(R9:V9), R9:V9, 0))&CHAR(10)&"📉 考察能力: "&IFERROR(VLOOKUP(TRIM(D9)&"_"&TRIM(INDEX($R$1:$V$1, MATCH(MIN(R9:V9), R9:V9, 0))), 技能库!$A:$F, 5, 0),"建议查阅考纲")&CHAR(10)&"💡 提升建议: "&IFERROR(VLOOKUP(TRIM(D9)&"_"&TRIM(INDEX($R$1:$V$1, MATCH(MIN(R9:V9), R9:V9, 0))), 技能库!$A:$F, 6, 0),"请针对该题型加强练习")) -> ⚠️ 薄弱环节: L-Pt2 📉 考察能力: [听力] 填空 (信息记录) 💡 提升建议: 强化数字、价格、日期、拼写的听写训练。 | AD9: 2024-01-15
A10: 304 | B10: B1 | C10: 朱梓琦 Anker Zhu | D10: KET | E10: 6 | F10: 7 | G10: 4 | H10: 4 | I10: 5 | L10: =IF(COUNT(E10:K10)>0, SUM(E10:K10), "") -> 26 | M10: =IF(L10="","", IFERROR(VLOOKUP(L10, IF(D10="KET", 换算标准!$M:$N, IF(D10="PET", 换算标准!$S:$T, 换算标准!$AC:$AD)), 2, TRUE), 0)) -> 135 | N10: 12 | O10: 10 | P10: =IF(COUNT(N10:O10)>0, SUM(N10:O10), "") -> 22 | Q10: =IF(P10="","", IFERROR(VLOOKUP(P10, IF(D10="KET", 换算标准!$O:$P, IF(D10="PET", 换算标准!$U:$V, 换算标准!$AG:$AH)), 2, TRUE), 0)) -> 130 | R10: 2 | S10: 1 | T10: 3 | U10: 2 | V10: 3 | W10: =IF(COUNT(R10:V10)>0, SUM(R10:V10), "") -> 11 | X10: =IF(W10="","", IFERROR(VLOOKUP(W10, IF(D10="KET", 换算标准!$Q:$R, IF(D10="PET", 换算标准!$W:$X, 换算标准!$AI:$AJ)), 2, TRUE), 0)) -> 100 | Y10: =IF(COUNT(M10,Q10,X10)>0, AVERAGE(M10,Q10,X10), "") -> 121.66667 | Z10: =IF(Y10="","", IFERROR(VLOOKUP(Y10, 换算标准!$Z:$AA, 1, TRUE), "")) | AA10: =IF(L10="","", "⚠️ 薄弱环节: "&INDEX($E$1:$K$1, MATCH(MIN(E10:K10), E10:K10, 0))&CHAR(10)&"📉 考察能力: "&IFERROR(VLOOKUP(TRIM(D10)&"_"&TRIM(INDEX($E$1:$K$1, MATCH(MIN(E10:K10), E10:K10, 0))), 技能库!$A:$F, 5, 0),"建议查阅考纲")&CHAR(10)&"💡 提升建议: "&IFERROR(VLOOKUP(TRIM(D10)&"_"&TRIM(INDEX($E$1:$K$1, MATCH(MIN(E10:K10), E10:K10, 0))), 技能库!$A:$F, 6, 0),"请针对该题型加强练习")) -> ⚠️ 薄弱环节: R-Pt3 📉 考察能力: [阅读] 长文主旨理解 💡 提升建议: 提升长难句阅读能力，关注段落大意和作者态度。 | AB10: =IF(P10="","", "⚠️ 薄弱环节: "&INDEX($N$1:$O$1, MATCH(MIN(N10:O10), N10:O10, 0))&CHAR(10)&"📉 考察能力: "&IFERROR(VLOOKUP(TRIM(D10)&"_"&TRIM(INDEX($N$1:$O$1, MATCH(MIN(N10:O10), N10:O10, 0))), 技能库!$A:$F, 5, 0),"建议查阅考纲")&CHAR(10)&"💡 提升建议: "&IFERROR(VLOOKUP(TRIM(D10)&"_"&TRIM(INDEX($N$1:$O$1, MATCH(MIN(N10:O10), N10:O10, 0))), 技能库!$A:$F, 6, 0),"请针对该题型加强练习")) -> ⚠️ 薄弱环节: W-Pt2 📉 考察能力: [写作] 看图写故事 💡 提升建议: 运用 linking words (so, because) 串联图片，注意过去时态。 | AC10: =IF(W10="","", "⚠️ 薄弱环节: "&INDEX($R$1:$V$1, MATCH(MIN(R10:V10), R10:V10, 0))&CHAR(10)&"📉 考察能力: "&IFERROR(VLOOKUP(TRIM(D10)&"_"&TRIM(INDEX($R$1:$V$1, MATCH(MIN(R10:V10), R10:V10, 0))), 技能库!$A:$F, 5, 0),"建议查阅考纲")&CHAR(10)&"💡 提升建议: "&IFERROR(VLOOKUP(TRIM(D10)&"_"&TRIM(INDEX($R$1:$V$1, MATCH(MIN(R10:V10), R10:V10, 0))), 技能库!$A:$F, 6, 0),"请针对该题型加强练习")) -> ⚠️ 薄弱环节: L-Pt2 📉 考察能力: [听力] 填空 (信息记录) 💡 提升建议: 强化数字、价格、日期、拼写的听写训练。 | AD10: 2024-01-15
A11: 302 | B11: B1 | C11: 梁绍启 Sean Liang | D11: KET | E11: 5 | F11: 5 | G11: 5 | H11: 0 | I11: 0 | L11: =IF(COUNT(E11:K11)>0, SUM(E11:K11), "") -> 15 | M11: =IF(L11="","", IFERROR(VLOOKUP(L11, IF(D11="KET", 换算标准!$M:$N, IF(D11="PET", 换算标准!$S:$T, 换算标准!$AC:$AD)), 2, TRUE), 0)) -> 105 | N11: 13 | O11: 13 | P11: =IF(COUNT(N11:O11)>0, SUM(N11:O11), "") -> 26 | Q11: =IF(P11="","", IFERROR(VLOOKUP(P11, IF(D11="KET", 换算标准!$O:$P, IF(D11="PET", 换算标准!$U:$V, 换算标准!$AG:$AH)), 2, TRUE), 0)) -> 140 | R11: 4 | S11: 2 | T11: 4 | U11: 5 | V11: 5 | W11: =IF(COUNT(R11:V11)>0, SUM(R11:V11), "") -> 20 | X11: =IF(W11="","", IFERROR(VLOOKUP(W11, IF(D11="KET", 换算标准!$Q:$R, IF(D11="PET", 换算标准!$W:$X, 换算标准!$AI:$AJ)), 2, TRUE), 0)) -> 130 | Y11: =IF(COUNT(M11,Q11,X11)>0, AVERAGE(M11,Q11,X11), "") -> 125 | Z11: =IF(Y11="","", IFERROR(VLOOKUP(Y11, 换算标准!$Z:$AA, 1, TRUE), "")) | AA11: =IF(L11="","", "⚠️ 薄弱环节: "&INDEX($E$1:$K$1, MATCH(MIN(E11:K11), E11:K11, 0))&CHAR(10)&"📉 考察能力: "&IFERROR(VLOOKUP(TRIM(D11)&"_"&TRIM(INDEX($E$1:$K$1, MATCH(MIN(E11:K11), E11:K11, 0))), 技能库!$A:$F, 5, 0),"建议查阅考纲")&CHAR(10)&"💡 提升建议: "&IFERROR(VLOOKUP(TRIM(D11)&"_"&TRIM(INDEX($E$1:$K$1, MATCH(MIN(E11:K11), E11:K11, 0))), 技能库!$A:$F, 6, 0),"请针对该题型加强练习")) -> ⚠️ 薄弱环节: R-Pt4 📉 考察能力: [阅读] 完形填空 (词汇) 💡 提升建议: 积累名词、形容词、动词的常见搭配及近义词辨析。 | AB11: =IF(P11="","", "⚠️ 薄弱环节: "&INDEX($N$1:$O$1, MATCH(MIN(N11:O11), N11:O11, 0))&CHAR(10)&"📉 考察能力: "&IFERROR(VLOOKUP(TRIM(D11)&"_"&TRIM(INDEX($N$1:$O$1, MATCH(MIN(N11:O11), N11:O11, 0))), 技能库!$A:$F, 5, 0),"建议查阅考纲")&CHAR(10)&"💡 提升建议: "&IFERROR(VLOOKUP(TRIM(D11)&"_"&TRIM(INDEX($N$1:$O$1, MATCH(MIN(N11:O11), N11:O11, 0))), 技能库!$A:$F, 6, 0),"请针对该题型加强练习")) -> ⚠️ 薄弱环节: W-Pt1 📉 考察能力: [写作] 短邮件/便条 💡 提升建议: 必须覆盖所有3个要点，注意语域恰当，无拼写语法错误。 | AC11: =IF(W11="","", "⚠️ 薄弱环节: "&INDEX($R$1:$V$1, MATCH(MIN(R11:V11), R11:V11, 0))&CHAR(10)&"📉 考察能力: "&IFERROR(VLOOKUP(TRIM(D11)&"_"&TRIM(INDEX($R$1:$V$1, MATCH(MIN(R11:V11), R11:V11, 0))), 技能库!$A:$F, 5, 0),"建议查阅考纲")&CHAR(10)&"💡 提升建议: "&IFERROR(VLOOKUP(TRIM(D11)&"_"&TRIM(INDEX($R$1:$V$1, MATCH(MIN(R11:V11), R11:V11, 0))), 技能库!$A:$F, 6, 0),"请针对该题型加强练习")) -> ⚠️ 薄弱环节: L-Pt2 📉 考察能力: [听力] 填空 (信息记录) 💡 提升建议: 强化数字、价格、日期、拼写的听写训练。 | AD11: 2024-01-15
A12: 304 | B12: B1 | C12: 詹远 James Zhan | D12: KET | E12: 6 | F12: 6 | G12: 5 | H12: 5 | I12: 4 | L12: =IF(COUNT(E12:K12)>0, SUM(E12:K12), "") -> 26 | M12: =IF(L12="","", IFERROR(VLOOKUP(L12, IF(D12="KET", 换算标准!$M:$N, IF(D12="PET", 换算标准!$S:$T, 换算标准!$AC:$AD)), 2, TRUE), 0)) -> 135 | N12: 10 | O12: 10 | P12: =IF(COUNT(N12:O12)>0, SUM(N12:O12), "") -> 20 | Q12: =IF(P12="","", IFERROR(VLOOKUP(P12, IF(D12="KET", 换算标准!$O:$P, IF(D12="PET", 换算标准!$U:$V, 换算标准!$AG:$AH)), 2, TRUE), 0)) -> 125 | R12: 2 | S12: 1 | T12: 5 | U12: 5 | V12: 3 | W12: =IF(COUNT(R12:V12)>0, SUM(R12:V12), "") -> 16 | X12: =IF(W12="","", IFERROR(VLOOKUP(W12, IF(D12="KET", 换算标准!$Q:$R, IF(D12="PET", 换算标准!$W:$X, 换算标准!$AI:$AJ)), 2, TRUE), 0)) -> 116 | Y12: =IF(COUNT(M12,Q12,X12)>0, AVERAGE(M12,Q12,X12), "") -> 125.33333 | Z12: =IF(Y12="","", IFERROR(VLOOKUP(Y12, 换算标准!$Z:$AA, 1, TRUE), "")) | AA12: =IF(L12="","", "⚠️ 薄弱环节: "&INDEX($E$1:$K$1, MATCH(MIN(E12:K12), E12:K12, 0))&CHAR(10)&"📉 考察能力: "&IFERROR(VLOOKUP(TRIM(D12)&"_"&TRIM(INDEX($E$1:$K$1, MATCH(MIN(E12:K12), E12:K12, 0))), 技能库!$A:$F, 5, 0),"建议查阅考纲")&CHAR(10)&"💡 提升建议: "&IFERROR(VLOOKUP(TRIM(D12)&"_"&TRIM(INDEX($E$1:$K$1, MATCH(MIN(E12:K12), E12:K12, 0))), 技能库!$A:$F, 6, 0),"请针对该题型加强练习")) -> ⚠️ 薄弱环节: R-Pt5 📉 考察能力: [阅读] 开放式填空 (语法) 💡 提升建议: 纯语法考核，重点强化介词、代词、连词和时态助动词。 | AB12: =IF(P12="","", "⚠️ 薄弱环节: "&INDEX($N$1:$O$1, MATCH(MIN(N12:O12), N12:O12, 0))&CHAR(10)&"📉 考察能力: "&IFERROR(VLOOKUP(TRIM(D12)&"_"&TRIM(INDEX($N$1:$O$1, MATCH(MIN(N12:O12), N12:O12, 0))), 技能库!$A:$F, 5, 0),"建议查阅考纲")&CHAR(10)&"💡 提升建议: "&IFERROR(VLOOKUP(TRIM(D12)&"_"&TRIM(INDEX($N$1:$O$1, MATCH(MIN(N12:O12), N12:O12, 0))), 技能库!$A:$F, 6, 0),"请针对该题型加强练习")) -> ⚠️ 薄弱环节: W-Pt1 📉 考察能力: [写作] 短邮件/便条 💡 提升建议: 必须覆盖所有3个要点，注意语域恰当，无拼写语法错误。 | AC12: =IF(W12="","", "⚠️ 薄弱环节: "&INDEX($R$1:$V$1, MATCH(MIN(R12:V12), R12:V12, 0))&CHAR(10)&"📉 考察能力: "&IFERROR(VLOOKUP(TRIM(D12)&"_"&TRIM(INDEX($R$1:$V$1, MATCH(MIN(R12:V12), R12:V12, 0))), 技能库!$A:$F, 5, 0),"建议查阅考纲")&CHAR(10)&"💡 提升建议: "&IFERROR(VLOOKUP(TRIM(D12)&"_"&TRIM(INDEX($R$1:$V$1, MATCH(MIN(R12:V12), R12:V12, 0))), 技能库!$A:$F, 6, 0),"请针对该题型加强练习")) -> ⚠️ 薄弱环节: L-Pt2 📉 考察能力: [听力] 填空 (信息记录) 💡 提升建议: 强化数字、价格、日期、拼写的听写训练。 | AD12: 2024-01-15
A13: 302 | B13: B1 | C13: 郑楷 Kyle Zheng | D13: KET | E13: 4 | F13: 5 | G13: 4 | H13: 6 | I13: 3 | L13: =IF(COUNT(E13:K13)>0, SUM(E13:K13), "") -> 22 | M13: =IF(L13="","", IFERROR(VLOOKUP(L13, IF(D13="KET", 换算标准!$M:$N, IF(D13="PET", 换算标准!$S:$T, 换算标准!$AC:$AD)), 2, TRUE), 0)) -> 125 | N13: 10 | O13: 0 | P13: =IF(COUNT(N13:O13)>0, SUM(N13:O13), "") -> 10 | Q13: =IF(P13="","", IFERROR(VLOOKUP(P13, IF(D13="KET", 换算标准!$O:$P, IF(D13="PET", 换算标准!$U:$V, 换算标准!$AG:$AH)), 2, TRUE), 0)) -> 0 | R13: 4 | S13: 3 | T13: 5 | U13: 5 | V13: 2 | W13: =IF(COUNT(R13:V13)>0, SUM(R13:V13), "") -> 19 | X13: =IF(W13="","", IFERROR(VLOOKUP(W13, IF(D13="KET", 换算标准!$Q:$R, IF(D13="PET", 换算标准!$W:$X, 换算标准!$AI:$AJ)), 2, TRUE), 0)) -> 126 | Y13: =IF(COUNT(M13,Q13,X13)>0, AVERAGE(M13,Q13,X13), "") -> 83.666667 | Z13: =IF(Y13="","", IFERROR(VLOOKUP(Y13, 换算标准!$Z:$AA, 1, TRUE), "")) | AA13: =IF(L13="","", "⚠️ 薄弱环节: "&INDEX($E$1:$K$1, MATCH(MIN(E13:K13), E13:K13, 0))&CHAR(10)&"📉 考察能力: "&IFERROR(VLOOKUP(TRIM(D13)&"_"&TRIM(INDEX($E$1:$K$1, MATCH(MIN(E13:K13), E13:K13, 0))), 技能库!$A:$F, 5, 0),"建议查阅考纲")&CHAR(10)&"💡 提升建议: "&IFERROR(VLOOKUP(TRIM(D13)&"_"&TRIM(INDEX($E$1:$K$1, MATCH(MIN(E13:K13), E13:K13, 0))), 技能库!$A:$F, 6, 0),"请针对该题型加强练习")) -> ⚠️ 薄弱环节: R-Pt5 📉 考察能力: [阅读] 开放式填空 (语法) 💡 提升建议: 纯语法考核，重点强化介词、代词、连词和时态助动词。 | AB13: =IF(P13="","", "⚠️ 薄弱环节: "&INDEX($N$1:$O$1, MATCH(MIN(N13:O13), N13:O13, 0))&CHAR(10)&"📉 考察能力: "&IFERROR(VLOOKUP(TRIM(D13)&"_"&TRIM(INDEX($N$1:$O$1, MATCH(MIN(N13:O13), N13:O13, 0))), 技能库!$A:$F, 5, 0),"建议查阅考纲")&CHAR(10)&"💡 提升建议: "&IFERROR(VLOOKUP(TRIM(D13)&"_"&TRIM(INDEX($N$1:$O$1, MATCH(MIN(N13:O13), N13:O13, 0))), 技能库!$A:$F, 6, 0),"请针对该题型加强练习")) -> ⚠️ 薄弱环节: W-Pt2 📉 考察能力: [写作] 看图写故事 💡 提升建议: 运用 linking words (so, because) 串联图片，注意过去时态。 | AC13: =IF(W13="","", "⚠️ 薄弱环节: "&INDEX($R$1:$V$1, MATCH(MIN(R13:V13), R13:V13, 0))&CHAR(10)&"📉 考察能力: "&IFERROR(VLOOKUP(TRIM(D13)&"_"&TRIM(INDEX($R$1:$V$1, MATCH(MIN(R13:V13), R13:V13, 0))), 技能库!$A:$F, 5, 0),"建议查阅考纲")&CHAR(10)&"💡 提升建议: "&IFERROR(VLOOKUP(TRIM(D13)&"_"&TRIM(INDEX($R$1:$V$1, MATCH(MIN(R13:V13), R13:V13, 0))), 技能库!$A:$F, 6, 0),"请针对该题型加强练习")) -> ⚠️ 薄弱环节: L-Pt5 📉 考察能力: [听力] 匹配题 💡 提升建议: 边听边记笔记，排除法是个好工具。 | AD13: 2024-01-15
A14: 304 | B14: B1 | C14: 陈昱昊 Matte Chen | D14: KET | E14: 5 | F14: 5 | G14: 5 | H14: 3 | I14: 2 | L14: =IF(COUNT(E14:K14)>0, SUM(E14:K14), "") -> 20 | M14: =IF(L14="","", IFERROR(VLOOKUP(L14, IF(D14="KET", 换算标准!$M:$N, IF(D14="PET", 换算标准!$S:$T, 换算标准!$AC:$AD)), 2, TRUE), 0)) -> 120 | N14: 8 | O14: 0 | P14: =IF(COUNT(N14:O14)>0, SUM(N14:O14), "") -> 8 | Q14: =IF(P14="","", IFERROR(VLOOKUP(P14, IF(D14="KET", 换算标准!$O:$P, IF(D14="PET", 换算标准!$U:$V, 换算标准!$AG:$AH)), 2, TRUE), 0)) -> 0 | R14: 3 | S14: 4 | T14: 3 | U14: 5 | V14: 3 | W14: =IF(COUNT(R14:V14)>0, SUM(R14:V14), "") -> 18 | X14: =IF(W14="","", IFERROR(VLOOKUP(W14, IF(D14="KET", 换算标准!$Q:$R, IF(D14="PET", 换算标准!$W:$X, 换算标准!$AI:$AJ)), 2, TRUE), 0)) -> 123 | Y14: =IF(COUNT(M14,Q14,X14)>0, AVERAGE(M14,Q14,X14), "") -> 81 | Z14: =IF(Y14="","", IFERROR(VLOOKUP(Y14, 换算标准!$Z:$AA, 1, TRUE), "")) | AA14: =IF(L14="","", "⚠️ 薄弱环节: "&INDEX($E$1:$K$1, MATCH(MIN(E14:K14), E14:K14, 0))&CHAR(10)&"📉 考察能力: "&IFERROR(VLOOKUP(TRIM(D14)&"_"&TRIM(INDEX($E$1:$K$1, MATCH(MIN(E14:K14), E14:K14, 0))), 技能库!$A:$F, 5, 0),"建议查阅考纲")&CHAR(10)&"💡 提升建议: "&IFERROR(VLOOKUP(TRIM(D14)&"_"&TRIM(INDEX($E$1:$K$1, MATCH(MIN(E14:K14), E14:K14, 0))), 技能库!$A:$F, 6, 0),"请针对该题型加强练习")) -> ⚠️ 薄弱环节: R-Pt5 📉 考察能力: [阅读] 开放式填空 (语法) 💡 提升建议: 纯语法考核，重点强化介词、代词、连词和时态助动词。 | AB14: =IF(P14="","", "⚠️ 薄弱环节: "&INDEX($N$1:$O$1, MATCH(MIN(N14:O14), N14:O14, 0))&CHAR(10)&"📉 考察能力: "&IFERROR(VLOOKUP(TRIM(D14)&"_"&TRIM(INDEX($N$1:$O$1, MATCH(MIN(N14:O14), N14:O14, 0))), 技能库!$A:$F, 5, 0),"建议查阅考纲")&CHAR(10)&"💡 提升建议: "&IFERROR(VLOOKUP(TRIM(D14)&"_"&TRIM(INDEX($N$1:$O$1, MATCH(MIN(N14:O14), N14:O14, 0))), 技能库!$A:$F, 6, 0),"请针对该题型加强练习")) -> ⚠️ 薄弱环节: W-Pt2 📉 考察能力: [写作] 看图写故事 💡 提升建议: 运用 linking words (so, because) 串联图片，注意过去时态。 | AC14: =IF(W14="","", "⚠️ 薄弱环节: "&INDEX($R$1:$V$1, MATCH(MIN(R14:V14), R14:V14, 0))&CHAR(10)&"📉 考察能力: "&IFERROR(VLOOKUP(TRIM(D14)&"_"&TRIM(INDEX($R$1:$V$1, MATCH(MIN(R14:V14), R14:V14, 0))), 技能库!$A:$F, 5, 0),"建议查阅考纲")&CHAR(10)&"💡 提升建议: "&IFERROR(VLOOKUP(TRIM(D14)&"_"&TRIM(INDEX($R$1:$V$1, MATCH(MIN(R14:V14), R14:V14, 0))), 技能库!$A:$F, 6, 0),"请针对该题型加强练习")) -> ⚠️ 薄弱环节: L-Pt1 📉 考察能力: [听力] 多选 (关键信息) 💡 提升建议: 警惕干扰项，通常听到的第一个选项是错误的，听完整再选。 | AD14: 2024-01-15
A15: 305 | B15: A1 | C15: 吴皓轩 Jeffrey Wu | D15: PET | E15: 2 | F15: 0 | G15: 3 | H15: 0 | I15: 0 | J15: 0 | L15: =IF(COUNT(E15:K15)>0, SUM(E15:K15), "") -> 5 | M15: =IF(L15="","", IFERROR(VLOOKUP(L15, IF(D15="KET", 换算标准!$M:$N, IF(D15="PET", 换算标准!$S:$T, 换算标准!$AC:$AD)), 2, TRUE), 0)) -> 0 | P15: =IF(COUNT(N15:O15)>0, SUM(N15:O15), "") | Q15: =IF(P15="","", IFERROR(VLOOKUP(P15, IF(D15="KET", 换算标准!$O:$P, IF(D15="PET", 换算标准!$U:$V, 换算标准!$AG:$AH)), 2, TRUE), 0)) | R15: 4 | S15: 4 | T15: 3 | U15: 2 | W15: =IF(COUNT(R15:V15)>0, SUM(R15:V15), "") -> 13 | X15: =IF(W15="","", IFERROR(VLOOKUP(W15, IF(D15="KET", 换算标准!$Q:$R, IF(D15="PET", 换算标准!$W:$X, 换算标准!$AI:$AJ)), 2, TRUE), 0)) -> 125 | Y15: =IF(COUNT(M15,Q15,X15)>0, AVERAGE(M15,Q15,X15), "") -> 62.5 | Z15: =IF(Y15="","", IFERROR(VLOOKUP(Y15, 换算标准!$Z:$AA, 1, TRUE), "")) | AA15: =IF(L15="","", "⚠️ 薄弱环节: "&INDEX($E$1:$K$1, MATCH(MIN(E15:K15), E15:K15, 0))&CHAR(10)&"📉 考察能力: "&IFERROR(VLOOKUP(TRIM(D15)&"_"&TRIM(INDEX($E$1:$K$1, MATCH(MIN(E15:K15), E15:K15, 0))), 技能库!$A:$F, 5, 0),"建议查阅考纲")&CHAR(10)&"💡 提升建议: "&IFERROR(VLOOKUP(TRIM(D15)&"_"&TRIM(INDEX($E$1:$K$1, MATCH(MIN(E15:K15), E15:K15, 0))), 技能库!$A:$F, 6, 0),"请针对该题型加强练习")) -> ⚠️ 薄弱环节: R-Pt2 📉 考察能力: [阅读] 人物与描述匹配 💡 提升建议: 阅读量大，练习划关键词，寻找完全匹配项。 | AB15: =IF(P15="","", "⚠️ 薄弱环节: "&INDEX($N$1:$O$1, MATCH(MIN(N15:O15), N15:O15, 0))&CHAR(10)&"📉 考察能力: "&IFERROR(VLOOKUP(TRIM(D15)&"_"&TRIM(INDEX($N$1:$O$1, MATCH(MIN(N15:O15), N15:O15, 0))), 技能库!$A:$F, 5, 0),"建议查阅考纲")&CHAR(10)&"💡 提升建议: "&IFERROR(VLOOKUP(TRIM(D15)&"_"&TRIM(INDEX($N$1:$O$1, MATCH(MIN(N15:O15), N15:O15, 0))), 技能库!$A:$F, 6, 0),"请针对该题型加强练习")) | AC15: =IF(W15="","", "⚠️ 薄弱环节: "&INDEX($R$1:$V$1, MATCH(MIN(R15:V15), R15:V15, 0))&CHAR(10)&"📉 考察能力: "&IFERROR(VLOOKUP(TRIM(D15)&"_"&TRIM(INDEX($R$1:$V$1, MATCH(MIN(R15:V15), R15:V15, 0))), 技能库!$A:$F, 5, 0),"建议查阅考纲")&CHAR(10)&"💡 提升建议: "&IFERROR(VLOOKUP(TRIM(D15)&"_"&TRIM(INDEX($R$1:$V$1, MATCH(MIN(R15:V15), R15:V15, 0))), 技能库!$A:$F, 6, 0),"请针对该题型加强练习")) -> ⚠️ 薄弱环节: L-Pt4 📉 考察能力: [听力] 多选 (长采访) 💡 提升建议: 听懂详细的观点阐述，理解对话深层逻辑。 | AD15: 45915
A16: 301 | B16: A1 | C16: 应颜妍 Queen Ying | D16: PET | E16: 1 | F16: 2 | G16: 2 | H16: 1 | I16: 3 | J16: 5 | L16: =IF(COUNT(E16:K16)>0, SUM(E16:K16), "") -> 14 | M16: =IF(L16="","", IFERROR(VLOOKUP(L16, IF(D16="KET", 换算标准!$M:$N, IF(D16="PET", 换算标准!$S:$T, 换算标准!$AC:$AD)), 2, TRUE), 0)) -> 122 | P16: =IF(COUNT(N16:O16)>0, SUM(N16:O16), "") | Q16: =IF(P16="","", IFERROR(VLOOKUP(P16, IF(D16="KET", 换算标准!$O:$P, IF(D16="PET", 换算标准!$U:$V, 换算标准!$AG:$AH)), 2, TRUE), 0)) | R16: 6 | S16: 5 | T16: 4 | U16: 1 | W16: =IF(COUNT(R16:V16)>0, SUM(R16:V16), "") -> 16 | X16: =IF(W16="","", IFERROR(VLOOKUP(W16, IF(D16="KET", 换算标准!$Q:$R, IF(D16="PET", 换算标准!$W:$X, 换算标准!$AI:$AJ)), 2, TRUE), 0)) -> 134 | Y16: =IF(COUNT(M16,Q16,X16)>0, AVERAGE(M16,Q16,X16), "") -> 128 | Z16: =IF(Y16="","", IFERROR(VLOOKUP(Y16, 换算标准!$Z:$AA, 1, TRUE), "")) | AA16: =IF(L16="","", "⚠️ 薄弱环节: "&INDEX($E$1:$K$1, MATCH(MIN(E16:K16), E16:K16, 0))&CHAR(10)&"📉 考察能力: "&IFERROR(VLOOKUP(TRIM(D16)&"_"&TRIM(INDEX($E$1:$K$1, MATCH(MIN(E16:K16), E16:K16, 0))), 技能库!$A:$F, 5, 0),"建议查阅考纲")&CHAR(10)&"💡 提升建议: "&IFERROR(VLOOKUP(TRIM(D16)&"_"&TRIM(INDEX($E$1:$K$1, MATCH(MIN(E16:K16), E16:K16, 0))), 技能库!$A:$F, 6, 0),"请针对该题型加强练习")) -> ⚠️ 薄弱环节: R-Pt1 📉 考察能力: [阅读] 短讯息主旨 💡 提升建议: 注意细微的情感态度差异，理解隐含意义。 | AB16: =IF(P16="","", "⚠️ 薄弱环节: "&INDEX($N$1:$O$1, MATCH(MIN(N16:O16), N16:O16, 0))&CHAR(10)&"📉 考察能力: "&IFERROR(VLOOKUP(TRIM(D16)&"_"&TRIM(INDEX($N$1:$O$1, MATCH(MIN(N16:O16), N16:O16, 0))), 技能库!$A:$F, 5, 0),"建议查阅考纲")&CHAR(10)&"💡 提升建议: "&IFERROR(VLOOKUP(TRIM(D16)&"_"&TRIM(INDEX($N$1:$O$1, MATCH(MIN(N16:O16), N16:O16, 0))), 技能库!$A:$F, 6, 0),"请针对该题型加强练习")) | AC16: =IF(W16="","", "⚠️ 薄弱环节: "&INDEX($R$1:$V$1, MATCH(MIN(R16:V16), R16:V16, 0))&CHAR(10)&"📉 考察能力: "&IFERROR(VLOOKUP(TRIM(D16)&"_"&TRIM(INDEX($R$1:$V$1, MATCH(MIN(R16:V16), R16:V16, 0))), 技能库!$A:$F, 5, 0),"建议查阅考纲")&CHAR(10)&"💡 提升建议: "&IFERROR(VLOOKUP(TRIM(D16)&"_"&TRIM(INDEX($R$1:$V$1, MATCH(MIN(R16:V16), R16:V16, 0))), 技能库!$A:$F, 6, 0),"请针对该题型加强练习")) -> ⚠️ 薄弱环节: L-Pt4 📉 考察能力: [听力] 多选 (长采访) 💡 提升建议: 听懂详细的观点阐述，理解对话深层逻辑。 | AD16: 45915
A17: 303 | B17: A1 | C17: 王翊名 Mia Wang | D17: PET | E17: 4 | F17: 2 | G17: 3 | H17: 2 | I17: 4 | J17: 5 | L17: =IF(COUNT(E17:K17)>0, SUM(E17:K17), "") -> 20 | M17: =IF(L17="","", IFERROR(VLOOKUP(L17, IF(D17="KET", 换算标准!$M:$N, IF(D17="PET", 换算标准!$S:$T, 换算标准!$AC:$AD)), 2, TRUE), 0)) -> 134 | P17: =IF(COUNT(N17:O17)>0, SUM(N17:O17), "") | Q17: =IF(P17="","", IFERROR(VLOOKUP(P17, IF(D17="KET", 换算标准!$O:$P, IF(D17="PET", 换算标准!$U:$V, 换算标准!$AG:$AH)), 2, TRUE), 0)) | R17: 7 | S17: 2 | T17: 4 | U17: 2 | W17: =IF(COUNT(R17:V17)>0, SUM(R17:V17), "") -> 15 | X17: =IF(W17="","", IFERROR(VLOOKUP(W17, IF(D17="KET", 换算标准!$Q:$R, IF(D17="PET", 换算标准!$W:$X, 换算标准!$AI:$AJ)), 2, TRUE), 0)) -> 131 | Y17: =IF(COUNT(M17,Q17,X17)>0, AVERAGE(M17,Q17,X17), "") -> 132.5 | Z17: =IF(Y17="","", IFERROR(VLOOKUP(Y17, 换算标准!$Z:$AA, 1, TRUE), "")) | AA17: =IF(L17="","", "⚠️ 薄弱环节: "&INDEX($E$1:$K$1, MATCH(MIN(E17:K17), E17:K17, 0))&CHAR(10)&"📉 考察能力: "&IFERROR(VLOOKUP(TRIM(D17)&"_"&TRIM(INDEX($E$1:$K$1, MATCH(MIN(E17:K17), E17:K17, 0))), 技能库!$A:$F, 5, 0),"建议查阅考纲")&CHAR(10)&"💡 提升建议: "&IFERROR(VLOOKUP(TRIM(D17)&"_"&TRIM(INDEX($E$1:$K$1, MATCH(MIN(E17:K17), E17:K17, 0))), 技能库!$A:$F, 6, 0),"请针对该题型加强练习")) -> ⚠️ 薄弱环节: R-Pt2 📉 考察能力: [阅读] 人物与描述匹配 💡 提升建议: 阅读量大，练习划关键词，寻找完全匹配项。 | AB17: =IF(P17="","", "⚠️ 薄弱环节: "&INDEX($N$1:$O$1, MATCH(MIN(N17:O17), N17:O17, 0))&CHAR(10)&"📉 考察能力: "&IFERROR(VLOOKUP(TRIM(D17)&"_"&TRIM(INDEX($N$1:$O$1, MATCH(MIN(N17:O17), N17:O17, 0))), 技能库!$A:$F, 5, 0),"建议查阅考纲")&CHAR(10)&"💡 提升建议: "&IFERROR(VLOOKUP(TRIM(D17)&"_"&TRIM(INDEX($N$1:$O$1, MATCH(MIN(N17:O17), N17:O17, 0))), 技能库!$A:$F, 6, 0),"请针对该题型加强练习")) | AC17: =IF(W17="","", "⚠️ 薄弱环节: "&INDEX($R$1:$V$1, MATCH(MIN(R17:V17), R17:V17, 0))&CHAR(10)&"📉 考察能力: "&IFERROR(VLOOKUP(TRIM(D17)&"_"&TRIM(INDEX($R$1:$V$1, MATCH(MIN(R17:V17), R17:V17, 0))), 技能库!$A:$F, 5, 0),"建议查阅考纲")&CHAR(10)&"💡 提升建议: "&IFERROR(VLOOKUP(TRIM(D17)&"_"&TRIM(INDEX($R$1:$V$1, MATCH(MIN(R17:V17), R17:V17, 0))), 技能库!$A:$F, 6, 0),"请针对该题型加强练习")) -> ⚠️ 薄弱环节: L-Pt2 📉 考察能力: [听力] 多选 (短对话) 💡 提升建议: 听懂说话人的态度、观点和意图。 | AD17: 45915
A18: 303 | B18: A1 | C18: 石蕴瑶 Yaoyao Shi | D18: PET | E18: 4 | F18: 5 | G18: 4 | H18: 1 | I18: 4 | J18: 4 | L18: =IF(COUNT(E18:K18)>0, SUM(E18:K18), "") -> 22 | M18: =IF(L18="","", IFERROR(VLOOKUP(L18, IF(D18="KET", 换算标准!$M:$N, IF(D18="PET", 换算标准!$S:$T, 换算标准!$AC:$AD)), 2, TRUE), 0)) -> 138 | P18: =IF(COUNT(N18:O18)>0, SUM(N18:O18), "") | Q18: =IF(P18="","", IFERROR(VLOOKUP(P18, IF(D18="KET", 换算标准!$O:$P, IF(D18="PET", 换算标准!$U:$V, 换算标准!$AG:$AH)), 2, TRUE), 0)) | R18: 7 | S18: 5 | T18: 5 | U18: 1 | W18: =IF(COUNT(R18:V18)>0, SUM(R18:V18), "") -> 18 | X18: =IF(W18="","", IFERROR(VLOOKUP(W18, IF(D18="KET", 换算标准!$Q:$R, IF(D18="PET", 换算标准!$W:$X, 换算标准!$AI:$AJ)), 2, TRUE), 0)) -> 140 | Y18: =IF(COUNT(M18,Q18,X18)>0, AVERAGE(M18,Q18,X18), "") -> 139 | Z18: =IF(Y18="","", IFERROR(VLOOKUP(Y18, 换算标准!$Z:$AA, 1, TRUE), "")) | AA18: =IF(L18="","", "⚠️ 薄弱环节: "&INDEX($E$1:$K$1, MATCH(MIN(E18:K18), E18:K18, 0))&CHAR(10)&"📉 考察能力: "&IFERROR(VLOOKUP(TRIM(D18)&"_"&TRIM(INDEX($E$1:$K$1, MATCH(MIN(E18:K18), E18:K18, 0))), 技能库!$A:$F, 5, 0),"建议查阅考纲")&CHAR(10)&"💡 提升建议: "&IFERROR(VLOOKUP(TRIM(D18)&"_"&TRIM(INDEX($E$1:$K$1, MATCH(MIN(E18:K18), E18:K18, 0))), 技能库!$A:$F, 6, 0),"请针对该题型加强练习")) -> ⚠️ 薄弱环节: R-Pt4 📉 考察能力: [阅读] 句子还原 (填空) 💡 提升建议: 逻辑性极强，需关注代词指代和上下文逻辑连接词。 | AB18: =IF(P18="","", "⚠️ 薄弱环节: "&INDEX($N$1:$O$1, MATCH(MIN(N18:O18), N18:O18, 0))&CHAR(10)&"📉 考察能力: "&IFERROR(VLOOKUP(TRIM(D18)&"_"&TRIM(INDEX($N$1:$O$1, MATCH(MIN(N18:O18), N18:O18, 0))), 技能库!$A:$F, 5, 0),"建议查阅考纲")&CHAR(10)&"💡 提升建议: "&IFERROR(VLOOKUP(TRIM(D18)&"_"&TRIM(INDEX($N$1:$O$1, MATCH(MIN(N18:O18), N18:O18, 0))), 技能库!$A:$F, 6, 0),"请针对该题型加强练习")) | AC18: =IF(W18="","", "⚠️ 薄弱环节: "&INDEX($R$1:$V$1, MATCH(MIN(R18:V18), R18:V18, 0))&CHAR(10)&"📉 考察能力: "&IFERROR(VLOOKUP(TRIM(D18)&"_"&TRIM(INDEX($R$1:$V$1, MATCH(MIN(R18:V18), R18:V18, 0))), 技能库!$A:$F, 5, 0),"建议查阅考纲")&CHAR(10)&"💡 提升建议: "&IFERROR(VLOOKUP(TRIM(D18)&"_"&TRIM(INDEX($R$1:$V$1, MATCH(MIN(R18:V18), R18:V18, 0))), 技能库!$A:$F, 6, 0),"请针对该题型加强练习")) -> ⚠️ 薄弱环节: L-Pt4 📉 考察能力: [听力] 多选 (长采访) 💡 提升建议: 听懂详细的观点阐述，理解对话深层逻辑。 | AD18: 45915
A19: 301 | B19: A1 | C19: 赵清晔 William Zhao | D19: PET | E19: 3 | F19: 4 | G19: 4 | H19: 4 | I19: 4 | J19: 3 | L19: =IF(COUNT(E19:K19)>0, SUM(E19:K19), "") -> 22 | M19: =IF(L19="","", IFERROR(VLOOKUP(L19, IF(D19="KET", 换算标准!$M:$N, IF(D19="PET", 换算标准!$S:$T, 换算标准!$AC:$AD)), 2, TRUE), 0)) -> 138 | P19: =IF(COUNT(N19:O19)>0, SUM(N19:O19), "") | Q19: =IF(P19="","", IFERROR(VLOOKUP(P19, IF(D19="KET", 换算标准!$O:$P, IF(D19="PET", 换算标准!$U:$V, 换算标准!$AG:$AH)), 2, TRUE), 0)) | R19: 6 | S19: 5 | T19: 6 | U19: 4 | W19: =IF(COUNT(R19:V19)>0, SUM(R19:V19), "") -> 21 | X19: =IF(W19="","", IFERROR(VLOOKUP(W19, IF(D19="KET", 换算标准!$Q:$R, IF(D19="PET", 换算标准!$W:$X, 换算标准!$AI:$AJ)), 2, TRUE), 0)) -> 152 | Y19: =IF(COUNT(M19,Q19,X19)>0, AVERAGE(M19,Q19,X19), "") -> 145 | Z19: =IF(Y19="","", IFERROR(VLOOKUP(Y19, 换算标准!$Z:$AA, 1, TRUE), "")) | AA19: =IF(L19="","", "⚠️ 薄弱环节: "&INDEX($E$1:$K$1, MATCH(MIN(E19:K19), E19:K19, 0))&CHAR(10)&"📉 考察能力: "&IFERROR(VLOOKUP(TRIM(D19)&"_"&TRIM(INDEX($E$1:$K$1, MATCH(MIN(E19:K19), E19:K19, 0))), 技能库!$A:$F, 5, 0),"建议查阅考纲")&CHAR(10)&"💡 提升建议: "&IFERROR(VLOOKUP(TRIM(D19)&"_"&TRIM(INDEX($E$1:$K$1, MATCH(MIN(E19:K19), E19:K19, 0))), 技能库!$A:$F, 6, 0),"请针对该题型加强练习")) -> ⚠️ 薄弱环节: R-Pt1 📉 考察能力: [阅读] 短讯息主旨 💡 提升建议: 注意细微的情感态度差异，理解隐含意义。 | AB19: =IF(P19="","", "⚠️ 薄弱环节: "&INDEX($N$1:$O$1, MATCH(MIN(N19:O19), N19:O19, 0))&CHAR(10)&"📉 考察能力: "&IFERROR(VLOOKUP(TRIM(D19)&"_"&TRIM(INDEX($N$1:$O$1, MATCH(MIN(N19:O19), N19:O19, 0))), 技能库!$A:$F, 5, 0),"建议查阅考纲")&CHAR(10)&"💡 提升建议: "&IFERROR(VLOOKUP(TRIM(D19)&"_"&TRIM(INDEX($N$1:$O$1, MATCH(MIN(N19:O19), N19:O19, 0))), 技能库!$A:$F, 6, 0),"请针对该题型加强练习")) | AC19: =IF(W19="","", "⚠️ 薄弱环节: "&INDEX($R$1:$V$1, MATCH(MIN(R19:V19), R19:V19, 0))&CHAR(10)&"📉 考察能力: "&IFERROR(VLOOKUP(TRIM(D19)&"_"&TRIM(INDEX($R$1:$V$1, MATCH(MIN(R19:V19), R19:V19, 0))), 技能库!$A:$F, 5, 0),"建议查阅考纲")&CHAR(10)&"💡 提升建议: "&IFERROR(VLOOKUP(TRIM(D19)&"_"&TRIM(INDEX($R$1:$V$1, MATCH(MIN(R19:V19), R19:V19, 0))), 技能库!$A:$F, 6, 0),"请针对该题型加强练习")) -> ⚠️ 薄弱环节: L-Pt4 📉 考察能力: [听力] 多选 (长采访) 💡 提升建议: 听懂详细的观点阐述，理解对话深层逻辑。 | AD19: 45915
A20: 305 | B20: A1 | C20: 黄翊桐 Yaya Huang | D20: PET | E20: 5 | F20: 1 | G20: 1 | H20: 1 | I20: 4 | J20: 4 | L20: =IF(COUNT(E20:K20)>0, SUM(E20:K20), "") -> 16 | M20: =IF(L20="","", IFERROR(VLOOKUP(L20, IF(D20="KET", 换算标准!$M:$N, IF(D20="PET", 换算标准!$S:$T, 换算标准!$AC:$AD)), 2, TRUE), 0)) -> 126 | P20: =IF(COUNT(N20:O20)>0, SUM(N20:O20), "") | Q20: =IF(P20="","", IFERROR(VLOOKUP(P20, IF(D20="KET", 换算标准!$O:$P, IF(D20="PET", 换算标准!$U:$V, 换算标准!$AG:$AH)), 2, TRUE), 0)) | R20: 6 | S20: 4 | T20: 5 | U20: 2 | W20: =IF(COUNT(R20:V20)>0, SUM(R20:V20), "") -> 17 | X20: =IF(W20="","", IFERROR(VLOOKUP(W20, IF(D20="KET", 换算标准!$Q:$R, IF(D20="PET", 换算标准!$W:$X, 换算标准!$AI:$AJ)), 2, TRUE), 0)) -> 137 | Y20: =IF(COUNT(M20,Q20,X20)>0, AVERAGE(M20,Q20,X20), "") -> 131.5 | Z20: =IF(Y20="","", IFERROR(VLOOKUP(Y20, 换算标准!$Z:$AA, 1, TRUE), "")) | AA20: =IF(L20="","", "⚠️ 薄弱环节: "&INDEX($E$1:$K$1, MATCH(MIN(E20:K20), E20:K20, 0))&CHAR(10)&"📉 考察能力: "&IFERROR(VLOOKUP(TRIM(D20)&"_"&TRIM(INDEX($E$1:$K$1, MATCH(MIN(E20:K20), E20:K20, 0))), 技能库!$A:$F, 5, 0),"建议查阅考纲")&CHAR(10)&"💡 提升建议: "&IFERROR(VLOOKUP(TRIM(D20)&"_"&TRIM(INDEX($E$1:$K$1, MATCH(MIN(E20:K20), E20:K20, 0))), 技能库!$A:$F, 6, 0),"请针对该题型加强练习")) -> ⚠️ 薄弱环节: R-Pt2 📉 考察能力: [阅读] 人物与描述匹配 💡 提升建议: 阅读量大，练习划关键词，寻找完全匹配项。 | AB20: =IF(P20="","", "⚠️ 薄弱环节: "&INDEX($N$1:$O$1, MATCH(MIN(N20:O20), N20:O20, 0))&CHAR(10)&"📉 考察能力: "&IFERROR(VLOOKUP(TRIM(D20)&"_"&TRIM(INDEX($N$1:$O$1, MATCH(MIN(N20:O20), N20:O20, 0))), 技能库!$A:$F, 5, 0),"建议查阅考纲")&CHAR(10)&"💡 提升建议: "&IFERROR(VLOOKUP(TRIM(D20)&"_"&TRIM(INDEX($N$1:$O$1, MATCH(MIN(N20:O20), N20:O20, 0))), 技能库!$A:$F, 6, 0),"请针对该题型加强练习")) | AC20: =IF(W20="","", "⚠️ 薄弱环节: "&INDEX($R$1:$V$1, MATCH(MIN(R20:V20), R20:V20, 0))&CHAR(10)&"📉 考察能力: "&IFERROR(VLOOKUP(TRIM(D20)&"_"&TRIM(INDEX($R$1:$V$1, MATCH(MIN(R20:V20), R20:V20, 0))), 技能库!$A:$F, 5, 0),"建议查阅考纲")&CHAR(10)&"💡 提升建议: "&IFERROR(VLOOKUP(TRIM(D20)&"_"&TRIM(INDEX($R$1:$V$1, MATCH(MIN(R20:V20), R20:V20, 0))), 技能库!$A:$F, 6, 0),"请针对该题型加强练习")) -> ⚠️ 薄弱环节: L-Pt4 📉 考察能力: [听力] 多选 (长采访) 💡 提升建议: 听懂详细的观点阐述，理解对话深层逻辑。 | AD20: 45915
A21: 301 | B21: A1 | C21: 刘泽楷 Nick Liu | D21: KET | E21: 3 | F21: 4 | G21: 2 | H21: 4 | I21: 3 | L21: =IF(COUNT(E21:K21)>0, SUM(E21:K21), "") -> 16 | M21: =IF(L21="","", IFERROR(VLOOKUP(L21, IF(D21="KET", 换算标准!$M:$N, IF(D21="PET", 换算标准!$S:$T, 换算标准!$AC:$AD)), 2, TRUE), 0)) -> 108 | N21: 9 | O21: 13 | P21: =IF(COUNT(N21:O21)>0, SUM(N21:O21), "") -> 22 | Q21: =IF(P21="","", IFERROR(VLOOKUP(P21, IF(D21="KET", 换算标准!$O:$P, IF(D21="PET", 换算标准!$U:$V, 换算标准!$AG:$AH)), 2, TRUE), 0)) -> 130 | R21: 2 | S21: 4 | T21: 3 | U21: 4 | V21: 5 | W21: =IF(COUNT(R21:V21)>0, SUM(R21:V21), "") -> 18 | X21: =IF(W21="","", IFERROR(VLOOKUP(W21, IF(D21="KET", 换算标准!$Q:$R, IF(D21="PET", 换算标准!$W:$X, 换算标准!$AI:$AJ)), 2, TRUE), 0)) -> 123 | Y21: =IF(COUNT(M21,Q21,X21)>0, AVERAGE(M21,Q21,X21), "") -> 120.33333 | Z21: =IF(Y21="","", IFERROR(VLOOKUP(Y21, 换算标准!$Z:$AA, 1, TRUE), "")) | AA21: =IF(L21="","", "⚠️ 薄弱环节: "&INDEX($E$1:$K$1, MATCH(MIN(E21:K21), E21:K21, 0))&CHAR(10)&"📉 考察能力: "&IFERROR(VLOOKUP(TRIM(D21)&"_"&TRIM(INDEX($E$1:$K$1, MATCH(MIN(E21:K21), E21:K21, 0))), 技能库!$A:$F, 5, 0),"建议查阅考纲")&CHAR(10)&"💡 提升建议: "&IFERROR(VLOOKUP(TRIM(D21)&"_"&TRIM(INDEX($E$1:$K$1, MATCH(MIN(E21:K21), E21:K21, 0))), 技能库!$A:$F, 6, 0),"请针对该题型加强练习")) -> ⚠️ 薄弱环节: R-Pt3 📉 考察能力: [阅读] 长文主旨理解 💡 提升建议: 提升长难句阅读能力，关注段落大意和作者态度。 | AB21: =IF(P21="","", "⚠️ 薄弱环节: "&INDEX($N$1:$O$1, MATCH(MIN(N21:O21), N21:O21, 0))&CHAR(10)&"📉 考察能力: "&IFERROR(VLOOKUP(TRIM(D21)&"_"&TRIM(INDEX($N$1:$O$1, MATCH(MIN(N21:O21), N21:O21, 0))), 技能库!$A:$F, 5, 0),"建议查阅考纲")&CHAR(10)&"💡 提升建议: "&IFERROR(VLOOKUP(TRIM(D21)&"_"&TRIM(INDEX($N$1:$O$1, MATCH(MIN(N21:O21), N21:O21, 0))), 技能库!$A:$F, 6, 0),"请针对该题型加强练习")) -> ⚠️ 薄弱环节: W-Pt1 📉 考察能力: [写作] 短邮件/便条 💡 提升建议: 必须覆盖所有3个要点，注意语域恰当，无拼写语法错误。 | AC21: =IF(W21="","", "⚠️ 薄弱环节: "&INDEX($R$1:$V$1, MATCH(MIN(R21:V21), R21:V21, 0))&CHAR(10)&"📉 考察能力: "&IFERROR(VLOOKUP(TRIM(D21)&"_"&TRIM(INDEX($R$1:$V$1, MATCH(MIN(R21:V21), R21:V21, 0))), 技能库!$A:$F, 5, 0),"建议查阅考纲")&CHAR(10)&"💡 提升建议: "&IFERROR(VLOOKUP(TRIM(D21)&"_"&TRIM(INDEX($R$1:$V$1, MATCH(MIN(R21:V21), R21:V21, 0))), 技能库!$A:$F, 6, 0),"请针对该题型加强练习")) -> ⚠️ 薄弱环节: L-Pt1 📉 考察能力: [听力] 多选 (关键信息) 💡 提升建议: 警惕干扰项，通常听到的第一个选项是错误的，听完整再选。 | AD21: 45915
A22: 305 | B22: A1 | C22: 刘野晨 Daniel Liu | D22: KET | E22: 5 | F22: 7 | G22: 2 | H22: 4 | I22: 3 | L22: =IF(COUNT(E22:K22)>0, SUM(E22:K22), "") -> 21 | M22: =IF(L22="","", IFERROR(VLOOKUP(L22, IF(D22="KET", 换算标准!$M:$N, IF(D22="PET", 换算标准!$S:$T, 换算标准!$AC:$AD)), 2, TRUE), 0)) -> 122 | N22: 7 | O22: 0 | P22: =IF(COUNT(N22:O22)>0, SUM(N22:O22), "") -> 7 | Q22: =IF(P22="","", IFERROR(VLOOKUP(P22, IF(D22="KET", 换算标准!$O:$P, IF(D22="PET", 换算标准!$U:$V, 换算标准!$AG:$AH)), 2, TRUE), 0)) -> 0 | R22: 4 | S22: 4 | T22: 5 | U22: 5 | V22: 5 | W22: =IF(COUNT(R22:V22)>0, SUM(R22:V22), "") -> 23 | X22: =IF(W22="","", IFERROR(VLOOKUP(W22, IF(D22="KET", 换算标准!$Q:$R, IF(D22="PET", 换算标准!$W:$X, 换算标准!$AI:$AJ)), 2, TRUE), 0)) -> 140 | Y22: =IF(COUNT(M22,Q22,X22)>0, AVERAGE(M22,Q22,X22), "") -> 87.333333 | Z22: =IF(Y22="","", IFERROR(VLOOKUP(Y22, 换算标准!$Z:$AA, 1, TRUE), "")) | AA22: =IF(L22="","", "⚠️ 薄弱环节: "&INDEX($E$1:$K$1, MATCH(MIN(E22:K22), E22:K22, 0))&CHAR(10)&"📉 考察能力: "&IFERROR(VLOOKUP(TRIM(D22)&"_"&TRIM(INDEX($E$1:$K$1, MATCH(MIN(E22:K22), E22:K22, 0))), 技能库!$A:$F, 5, 0),"建议查阅考纲")&CHAR(10)&"💡 提升建议: "&IFERROR(VLOOKUP(TRIM(D22)&"_"&TRIM(INDEX($E$1:$K$1, MATCH(MIN(E22:K22), E22:K22, 0))), 技能库!$A:$F, 6, 0),"请针对该题型加强练习")) -> ⚠️ 薄弱环节: R-Pt3 📉 考察能力: [阅读] 长文主旨理解 💡 提升建议: 提升长难句阅读能力，关注段落大意和作者态度。 | AB22: =IF(P22="","", "⚠️ 薄弱环节: "&INDEX($N$1:$O$1, MATCH(MIN(N22:O22), N22:O22, 0))&CHAR(10)&"📉 考察能力: "&IFERROR(VLOOKUP(TRIM(D22)&"_"&TRIM(INDEX($N$1:$O$1, MATCH(MIN(N22:O22), N22:O22, 0))), 技能库!$A:$F, 5, 0),"建议查阅考纲")&CHAR(10)&"💡 提升建议: "&IFERROR(VLOOKUP(TRIM(D22)&"_"&TRIM(INDEX($N$1:$O$1, MATCH(MIN(N22:O22), N22:O22, 0))), 技能库!$A:$F, 6, 0),"请针对该题型加强练习")) -> ⚠️ 薄弱环节: W-Pt2 📉 考察能力: [写作] 看图写故事 💡 提升建议: 运用 linking words (so, because) 串联图片，注意过去时态。 | AC22: =IF(W22="","", "⚠️ 薄弱环节: "&INDEX($R$1:$V$1, MATCH(MIN(R22:V22), R22:V22, 0))&CHAR(10)&"📉 考察能力: "&IFERROR(VLOOKUP(TRIM(D22)&"_"&TRIM(INDEX($R$1:$V$1, MATCH(MIN(R22:V22), R22:V22, 0))), 技能库!$A:$F, 5, 0),"建议查阅考纲")&CHAR(10)&"💡 提升建议: "&IFERROR(VLOOKUP(TRIM(D22)&"_"&TRIM(INDEX($R$1:$V$1, MATCH(MIN(R22:V22), R22:V22, 0))), 技能库!$A:$F, 6, 0),"请针对该题型加强练习")) -> ⚠️ 薄弱环节: L-Pt1 📉 考察能力: [听力] 多选 (关键信息) 💡 提升建议: 警惕干扰项，通常听到的第一个选项是错误的，听完整再选。 | AD22: 45915
A23: 301 | B23: A1 | C23: 夏添翊 Tommy Xia | D23: KET | E23: 5 | F23: 6 | G23: 4 | H23: 5 | I23: 5 | L23: =IF(COUNT(E23:K23)>0, SUM(E23:K23), "") -> 25 | M23: =IF(L23="","", IFERROR(VLOOKUP(L23, IF(D23="KET", 换算标准!$M:$N, IF(D23="PET", 换算标准!$S:$T, 换算标准!$AC:$AD)), 2, TRUE), 0)) -> 133 | N23: 12 | O23: 12 | P23: =IF(COUNT(N23:O23)>0, SUM(N23:O23), "") -> 24 | Q23: =IF(P23="","", IFERROR(VLOOKUP(P23, IF(D23="KET", 换算标准!$O:$P, IF(D23="PET", 换算标准!$U:$V, 换算标准!$AG:$AH)), 2, TRUE), 0)) -> 135 | R23: 4 | S23: 2 | T23: 5 | U23: 5 | V23: 3 | W23: =IF(COUNT(R23:V23)>0, SUM(R23:V23), "") -> 19 | X23: =IF(W23="","", IFERROR(VLOOKUP(W23, IF(D23="KET", 换算标准!$Q:$R, IF(D23="PET", 换算标准!$W:$X, 换算标准!$AI:$AJ)), 2, TRUE), 0)) -> 126 | Y23: =IF(COUNT(M23,Q23,X23)>0, AVERAGE(M23,Q23,X23), "") -> 131.33333 | Z23: =IF(Y23="","", IFERROR(VLOOKUP(Y23, 换算标准!$Z:$AA, 1, TRUE), "")) | AA23: =IF(L23="","", "⚠️ 薄弱环节: "&INDEX($E$1:$K$1, MATCH(MIN(E23:K23), E23:K23, 0))&CHAR(10)&"📉 考察能力: "&IFERROR(VLOOKUP(TRIM(D23)&"_"&TRIM(INDEX($E$1:$K$1, MATCH(MIN(E23:K23), E23:K23, 0))), 技能库!$A:$F, 5, 0),"建议查阅考纲")&CHAR(10)&"💡 提升建议: "&IFERROR(VLOOKUP(TRIM(D23)&"_"&TRIM(INDEX($E$1:$K$1, MATCH(MIN(E23:K23), E23:K23, 0))), 技能库!$A:$F, 6, 0),"请针对该题型加强练习")) -> ⚠️ 薄弱环节: R-Pt3 📉 考察能力: [阅读] 长文主旨理解 💡 提升建议: 提升长难句阅读能力，关注段落大意和作者态度。 | AB23: =IF(P23="","", "⚠️ 薄弱环节: "&INDEX($N$1:$O$1, MATCH(MIN(N23:O23), N23:O23, 0))&CHAR(10)&"📉 考察能力: "&IFERROR(VLOOKUP(TRIM(D23)&"_"&TRIM(INDEX($N$1:$O$1, MATCH(MIN(N23:O23), N23:O23, 0))), 技能库!$A:$F, 5, 0),"建议查阅考纲")&CHAR(10)&"💡 提升建议: "&IFERROR(VLOOKUP(TRIM(D23)&"_"&TRIM(INDEX($N$1:$O$1, MATCH(MIN(N23:O23), N23:O23, 0))), 技能库!$A:$F, 6, 0),"请针对该题型加强练习")) -> ⚠️ 薄弱环节: W-Pt1 📉 考察能力: [写作] 短邮件/便条 💡 提升建议: 必须覆盖所有3个要点，注意语域恰当，无拼写语法错误。 | AC23: =IF(W23="","", "⚠️ 薄弱环节: "&INDEX($R$1:$V$1, MATCH(MIN(R23:V23), R23:V23, 0))&CHAR(10)&"📉 考察能力: "&IFERROR(VLOOKUP(TRIM(D23)&"_"&TRIM(INDEX($R$1:$V$1, MATCH(MIN(R23:V23), R23:V23, 0))), 技能库!$A:$F, 5, 0),"建议查阅考纲")&CHAR(10)&"💡 提升建议: "&IFERROR(VLOOKUP(TRIM(D23)&"_"&TRIM(INDEX($R$1:$V$1, MATCH(MIN(R23:V23), R23:V23, 0))), 技能库!$A:$F, 6, 0),"请针对该题型加强练习")) -> ⚠️ 薄弱环节: L-Pt2 📉 考察能力: [听力] 填空 (信息记录) 💡 提升建议: 强化数字、价格、日期、拼写的听写训练。 | AD23: 45915
A24: 307 | B24: A1 | C24: 张芮语 Ann Zhang | D24: KET | E24: 0 | F24: 5 | G24: 2 | H24: 4 | I24: 1 | L24: =IF(COUNT(E24:K24)>0, SUM(E24:K24), "") -> 12 | M24: =IF(L24="","", IFERROR(VLOOKUP(L24, IF(D24="KET", 换算标准!$M:$N, IF(D24="PET", 换算标准!$S:$T, 换算标准!$AC:$AD)), 2, TRUE), 0)) -> 0 | N24: 10 | O24: 9 | P24: =IF(COUNT(N24:O24)>0, SUM(N24:O24), "") -> 19 | Q24: =IF(P24="","", IFERROR(VLOOKUP(P24, IF(D24="KET", 换算标准!$O:$P, IF(D24="PET", 换算标准!$U:$V, 换算标准!$AG:$AH)), 2, TRUE), 0)) -> 123 | R24: 4 | S24: 3 | T24: 5 | U24: 5 | V24: 4 | W24: =IF(COUNT(R24:V24)>0, SUM(R24:V24), "") -> 21 | X24: =IF(W24="","", IFERROR(VLOOKUP(W24, IF(D24="KET", 换算标准!$Q:$R, IF(D24="PET", 换算标准!$W:$X, 换算标准!$AI:$AJ)), 2, TRUE), 0)) -> 133 | Y24: =IF(COUNT(M24,Q24,X24)>0, AVERAGE(M24,Q24,X24), "") -> 85.333333 | Z24: =IF(Y24="","", IFERROR(VLOOKUP(Y24, 换算标准!$Z:$AA, 1, TRUE), "")) | AA24: =IF(L24="","", "⚠️ 薄弱环节: "&INDEX($E$1:$K$1, MATCH(MIN(E24:K24), E24:K24, 0))&CHAR(10)&"📉 考察能力: "&IFERROR(VLOOKUP(TRIM(D24)&"_"&TRIM(INDEX($E$1:$K$1, MATCH(MIN(E24:K24), E24:K24, 0))), 技能库!$A:$F, 5, 0),"建议查阅考纲")&CHAR(10)&"💡 提升建议: "&IFERROR(VLOOKUP(TRIM(D24)&"_"&TRIM(INDEX($E$1:$K$1, MATCH(MIN(E24:K24), E24:K24, 0))), 技能库!$A:$F, 6, 0),"请针对该题型加强练习")) -> ⚠️ 薄弱环节: R-Pt1 📉 考察能力: [阅读] 短讯息主旨理解 💡 提升建议: 关注生活中的标识、短信，练习找出关键词的同义替换。 | AB24: =IF(P24="","", "⚠️ 薄弱环节: "&INDEX($N$1:$O$1, MATCH(MIN(N24:O24), N24:O24, 0))&CHAR(10)&"📉 考察能力: "&IFERROR(VLOOKUP(TRIM(D24)&"_"&TRIM(INDEX($N$1:$O$1, MATCH(MIN(N24:O24), N24:O24, 0))), 技能库!$A:$F, 5, 0),"建议查阅考纲")&CHAR(10)&"💡 提升建议: "&IFERROR(VLOOKUP(TRIM(D24)&"_"&TRIM(INDEX($N$1:$O$1, MATCH(MIN(N24:O24), N24:O24, 0))), 技能库!$A:$F, 6, 0),"请针对该题型加强练习")) -> ⚠️ 薄弱环节: W-Pt2 📉 考察能力: [写作] 看图写故事 💡 提升建议: 运用 linking words (so, because) 串联图片，注意过去时态。 | AC24: =IF(W24="","", "⚠️ 薄弱环节: "&INDEX($R$1:$V$1, MATCH(MIN(R24:V24), R24:V24, 0))&CHAR(10)&"📉 考察能力: "&IFERROR(VLOOKUP(TRIM(D24)&"_"&TRIM(INDEX($R$1:$V$1, MATCH(MIN(R24:V24), R24:V24, 0))), 技能库!$A:$F, 5, 0),"建议查阅考纲")&CHAR(10)&"💡 提升建议: "&IFERROR(VLOOKUP(TRIM(D24)&"_"&TRIM(INDEX($R$1:$V$1, MATCH(MIN(R24:V24), R24:V24, 0))), 技能库!$A:$F, 6, 0),"请针对该题型加强练习")) -> ⚠️ 薄弱环节: L-Pt2 📉 考察能力: [听力] 填空 (信息记录) 💡 提升建议: 强化数字、价格、日期、拼写的听写训练。 | AD24: 45915
A25: 305 | B25: A1 | C25: 张茉凡 Kimberley Zhang | D25: KET | E25: 6 | F25: 7 | G25: 4 | H25: 4 | I25: 4 | L25: =IF(COUNT(E25:K25)>0, SUM(E25:K25), "") -> 25 | M25: =IF(L25="","", IFERROR(VLOOKUP(L25, IF(D25="KET", 换算标准!$M:$N, IF(D25="PET", 换算标准!$S:$T, 换算标准!$AC:$AD)), 2, TRUE), 0)) -> 133 | N25: 13 | O25: 13 | P25: =IF(COUNT(N25:O25)>0, SUM(N25:O25), "") -> 26 | Q25: =IF(P25="","", IFERROR(VLOOKUP(P25, IF(D25="KET", 换算标准!$O:$P, IF(D25="PET", 换算标准!$U:$V, 换算标准!$AG:$AH)), 2, TRUE), 0)) -> 140 | R25: 4 | S25: 5 | T25: 5 | U25: 5 | V25: 3 | W25: =IF(COUNT(R25:V25)>0, SUM(R25:V25), "") -> 22 | X25: =IF(W25="","", IFERROR(VLOOKUP(W25, IF(D25="KET", 换算标准!$Q:$R, IF(D25="PET", 换算标准!$W:$X, 换算标准!$AI:$AJ)), 2, TRUE), 0)) -> 136 | Y25: =IF(COUNT(M25,Q25,X25)>0, AVERAGE(M25,Q25,X25), "") -> 136.33333 | Z25: =IF(Y25="","", IFERROR(VLOOKUP(Y25, 换算标准!$Z:$AA, 1, TRUE), "")) | AA25: =IF(L25="","", "⚠️ 薄弱环节: "&INDEX($E$1:$K$1, MATCH(MIN(E25:K25), E25:K25, 0))&CHAR(10)&"📉 考察能力: "&IFERROR(VLOOKUP(TRIM(D25)&"_"&TRIM(INDEX($E$1:$K$1, MATCH(MIN(E25:K25), E25:K25, 0))), 技能库!$A:$F, 5, 0),"建议查阅考纲")&CHAR(10)&"💡 提升建议: "&IFERROR(VLOOKUP(TRIM(D25)&"_"&TRIM(INDEX($E$1:$K$1, MATCH(MIN(E25:K25), E25:K25, 0))), 技能库!$A:$F, 6, 0),"请针对该题型加强练习")) -> ⚠️ 薄弱环节: R-Pt3 📉 考察能力: [阅读] 长文主旨理解 💡 提升建议: 提升长难句阅读能力，关注段落大意和作者态度。 | AB25: =IF(P25="","", "⚠️ 薄弱环节: "&INDEX($N$1:$O$1, MATCH(MIN(N25:O25), N25:O25, 0))&CHAR(10)&"📉 考察能力: "&IFERROR(VLOOKUP(TRIM(D25)&"_"&TRIM(INDEX($N$1:$O$1, MATCH(MIN(N25:O25), N25:O25, 0))), 技能库!$A:$F, 5, 0),"建议查阅考纲")&CHAR(10)&"💡 提升建议: "&IFERROR(VLOOKUP(TRIM(D25)&"_"&TRIM(INDEX($N$1:$O$1, MATCH(MIN(N25:O25), N25:O25, 0))), 技能库!$A:$F, 6, 0),"请针对该题型加强练习")) -> ⚠️ 薄弱环节: W-Pt1 📉 考察能力: [写作] 短邮件/便条 💡 提升建议: 必须覆盖所有3个要点，注意语域恰当，无拼写语法错误。 | AC25: =IF(W25="","", "⚠️ 薄弱环节: "&INDEX($R$1:$V$1, MATCH(MIN(R25:V25), R25:V25, 0))&CHAR(10)&"📉 考察能力: "&IFERROR(VLOOKUP(TRIM(D25)&"_"&TRIM(INDEX($R$1:$V$1, MATCH(MIN(R25:V25), R25:V25, 0))), 技能库!$A:$F, 5, 0),"建议查阅考纲")&CHAR(10)&"💡 提升建议: "&IFERROR(VLOOKUP(TRIM(D25)&"_"&TRIM(INDEX($R$1:$V$1, MATCH(MIN(R25:V25), R25:V25, 0))), 技能库!$A:$F, 6, 0),"请针对该题型加强练习")) -> ⚠️ 薄弱环节: L-Pt5 📉 考察能力: [听力] 匹配题 💡 提升建议: 边听边记笔记，排除法是个好工具。 | AD25: 45915
A26: 305 | B26: A1 | C26: 朱诗淇 Sophia Zhu | D26: KET | E26: 2 | F26: 6 | G26: 4 | H26: 3 | I26: 2 | L26: =IF(COUNT(E26:K26)>0, SUM(E26:K26), "") -> 17 | M26: =IF(L26="","", IFERROR(VLOOKUP(L26, IF(D26="KET", 换算标准!$M:$N, IF(D26="PET", 换算标准!$S:$T, 换算标准!$AC:$AD)), 2, TRUE), 0)) -> 111 | N26: 12 | O26: 11 | P26: =IF(COUNT(N26:O26)>0, SUM(N26:O26), "") -> 23 | Q26: =IF(P26="","", IFERROR(VLOOKUP(P26, IF(D26="KET", 换算标准!$O:$P, IF(D26="PET", 换算标准!$U:$V, 换算标准!$AG:$AH)), 2, TRUE), 0)) -> 133 | R26: 3 | S26: 2 | T26: 5 | U26: 4 | V26: 5 | W26: =IF(COUNT(R26:V26)>0, SUM(R26:V26), "") -> 19 | X26: =IF(W26="","", IFERROR(VLOOKUP(W26, IF(D26="KET", 换算标准!$Q:$R, IF(D26="PET", 换算标准!$W:$X, 换算标准!$AI:$AJ)), 2, TRUE), 0)) -> 126 | Y26: =IF(COUNT(M26,Q26,X26)>0, AVERAGE(M26,Q26,X26), "") -> 123.33333 | Z26: =IF(Y26="","", IFERROR(VLOOKUP(Y26, 换算标准!$Z:$AA, 1, TRUE), "")) | AA26: =IF(L26="","", "⚠️ 薄弱环节: "&INDEX($E$1:$K$1, MATCH(MIN(E26:K26), E26:K26, 0))&CHAR(10)&"📉 考察能力: "&IFERROR(VLOOKUP(TRIM(D26)&"_"&TRIM(INDEX($E$1:$K$1, MATCH(MIN(E26:K26), E26:K26, 0))), 技能库!$A:$F, 5, 0),"建议查阅考纲")&CHAR(10)&"💡 提升建议: "&IFERROR(VLOOKUP(TRIM(D26)&"_"&TRIM(INDEX($E$1:$K$1, MATCH(MIN(E26:K26), E26:K26, 0))), 技能库!$A:$F, 6, 0),"请针对该题型加强练习")) -> ⚠️ 薄弱环节: R-Pt1 📉 考察能力: [阅读] 短讯息主旨理解 💡 提升建议: 关注生活中的标识、短信，练习找出关键词的同义替换。 | AB26: =IF(P26="","", "⚠️ 薄弱环节: "&INDEX($N$1:$O$1, MATCH(MIN(N26:O26), N26:O26, 0))&CHAR(10)&"📉 考察能力: "&IFERROR(VLOOKUP(TRIM(D26)&"_"&TRIM(INDEX($N$1:$O$1, MATCH(MIN(N26:O26), N26:O26, 0))), 技能库!$A:$F, 5, 0),"建议查阅考纲")&CHAR(10)&"💡 提升建议: "&IFERROR(VLOOKUP(TRIM(D26)&"_"&TRIM(INDEX($N$1:$O$1, MATCH(MIN(N26:O26), N26:O26, 0))), 技能库!$A:$F, 6, 0),"请针对该题型加强练习")) -> ⚠️ 薄弱环节: W-Pt2 📉 考察能力: [写作] 看图写故事 💡 提升建议: 运用 linking words (so, because) 串联图片，注意过去时态。 | AC26: =IF(W26="","", "⚠️ 薄弱环节: "&INDEX($R$1:$V$1, MATCH(MIN(R26:V26), R26:V26, 0))&CHAR(10)&"📉 考察能力: "&IFERROR(VLOOKUP(TRIM(D26)&"_"&TRIM(INDEX($R$1:$V$1, MATCH(MIN(R26:V26), R26:V26, 0))), 技能库!$A:$F, 5, 0),"建议查阅考纲")&CHAR(10)&"💡 提升建议: "&IFERROR(VLOOKUP(TRIM(D26)&"_"&TRIM(INDEX($R$1:$V$1, MATCH(MIN(R26:V26), R26:V26, 0))), 技能库!$A:$F, 6, 0),"请针对该题型加强练习")) -> ⚠️ 薄弱环节: L-Pt2 📉 考察能力: [听力] 填空 (信息记录) 💡 提升建议: 强化数字、价格、日期、拼写的听写训练。 | AD26: 45915
A27: 305 | B27: A1 | C27: 李翎嫣 Oli Li | D27: KET | E27: 5 | F27: 5 | G27: 5 | H27: 3 | I27: 5 | L27: =IF(COUNT(E27:K27)>0, SUM(E27:K27), "") -> 23 | M27: =IF(L27="","", IFERROR(VLOOKUP(L27, IF(D27="KET", 换算标准!$M:$N, IF(D27="PET", 换算标准!$S:$T, 换算标准!$AC:$AD)), 2, TRUE), 0)) -> 127 | N27: 12 | O27: 0 | P27: =IF(COUNT(N27:O27)>0, SUM(N27:O27), "") -> 12 | Q27: =IF(P27="","", IFERROR(VLOOKUP(P27, IF(D27="KET", 换算标准!$O:$P, IF(D27="PET", 换算标准!$U:$V, 换算标准!$AG:$AH)), 2, TRUE), 0)) -> 102 | R27: 5 | S27: 4 | T27: 4 | U27: 4 | V27: 5 | W27: =IF(COUNT(R27:V27)>0, SUM(R27:V27), "") -> 22 | X27: =IF(W27="","", IFERROR(VLOOKUP(W27, IF(D27="KET", 换算标准!$Q:$R, IF(D27="PET", 换算标准!$W:$X, 换算标准!$AI:$AJ)), 2, TRUE), 0)) -> 136 | Y27: =IF(COUNT(M27,Q27,X27)>0, AVERAGE(M27,Q27,X27), "") -> 121.66667 | Z27: =IF(Y27="","", IFERROR(VLOOKUP(Y27, 换算标准!$Z:$AA, 1, TRUE), "")) | AA27: =IF(L27="","", "⚠️ 薄弱环节: "&INDEX($E$1:$K$1, MATCH(MIN(E27:K27), E27:K27, 0))&CHAR(10)&"📉 考察能力: "&IFERROR(VLOOKUP(TRIM(D27)&"_"&TRIM(INDEX($E$1:$K$1, MATCH(MIN(E27:K27), E27:K27, 0))), 技能库!$A:$F, 5, 0),"建议查阅考纲")&CHAR(10)&"💡 提升建议: "&IFERROR(VLOOKUP(TRIM(D27)&"_"&TRIM(INDEX($E$1:$K$1, MATCH(MIN(E27:K27), E27:K27, 0))), 技能库!$A:$F, 6, 0),"请针对该题型加强练习")) -> ⚠️ 薄弱环节: R-Pt4 📉 考察能力: [阅读] 完形填空 (词汇) 💡 提升建议: 积累名词、形容词、动词的常见搭配及近义词辨析。 | AB27: =IF(P27="","", "⚠️ 薄弱环节: "&INDEX($N$1:$O$1, MATCH(MIN(N27:O27), N27:O27, 0))&CHAR(10)&"📉 考察能力: "&IFERROR(VLOOKUP(TRIM(D27)&"_"&TRIM(INDEX($N$1:$O$1, MATCH(MIN(N27:O27), N27:O27, 0))), 技能库!$A:$F, 5, 0),"建议查阅考纲")&CHAR(10)&"💡 提升建议: "&IFERROR(VLOOKUP(TRIM(D27)&"_"&TRIM(INDEX($N$1:$O$1, MATCH(MIN(N27:O27), N27:O27, 0))), 技能库!$A:$F, 6, 0),"请针对该题型加强练习")) -> ⚠️ 薄弱环节: W-Pt2 📉 考察能力: [写作] 看图写故事 💡 提升建议: 运用 linking words (so, because) 串联图片，注意过去时态。 | AC27: =IF(W27="","", "⚠️ 薄弱环节: "&INDEX($R$1:$V$1, MATCH(MIN(R27:V27), R27:V27, 0))&CHAR(10)&"📉 考察能力: "&IFERROR(VLOOKUP(TRIM(D27)&"_"&TRIM(INDEX($R$1:$V$1, MATCH(MIN(R27:V27), R27:V27, 0))), 技能库!$A:$F, 5, 0),"建议查阅考纲")&CHAR(10)&"💡 提升建议: "&IFERROR(VLOOKUP(TRIM(D27)&"_"&TRIM(INDEX($R$1:$V$1, MATCH(MIN(R27:V27), R27:V27, 0))), 技能库!$A:$F, 6, 0),"请针对该题型加强练习")) -> ⚠️ 薄弱环节: L-Pt2 📉 考察能力: [听力] 填空 (信息记录) 💡 提升建议: 强化数字、价格、日期、拼写的听写训练。 | AD27: 45915
A28: 301 | B28: A1 | C28: 林奕辰 Eason Lin | D28: KET | E28: 5 | F28: 5 | G28: 5 | H28: 5 | I28: 4 | L28: =IF(COUNT(E28:K28)>0, SUM(E28:K28), "") -> 24 | M28: =IF(L28="","", IFERROR(VLOOKUP(L28, IF(D28="KET", 换算标准!$M:$N, IF(D28="PET", 换算标准!$S:$T, 换算标准!$AC:$AD)), 2, TRUE), 0)) -> 130 | N28: 11 | O28: 10 | P28: =IF(COUNT(N28:O28)>0, SUM(N28:O28), "") -> 21 | Q28: =IF(P28="","", IFERROR(VLOOKUP(P28, IF(D28="KET", 换算标准!$O:$P, IF(D28="PET", 换算标准!$U:$V, 换算标准!$AG:$AH)), 2, TRUE), 0)) -> 128 | R28: 4 | S28: 1 | T28: 4 | U28: 4 | V28: 5 | W28: =IF(COUNT(R28:V28)>0, SUM(R28:V28), "") -> 18 | X28: =IF(W28="","", IFERROR(VLOOKUP(W28, IF(D28="KET", 换算标准!$Q:$R, IF(D28="PET", 换算标准!$W:$X, 换算标准!$AI:$AJ)), 2, TRUE), 0)) -> 123 | Y28: =IF(COUNT(M28,Q28,X28)>0, AVERAGE(M28,Q28,X28), "") -> 127 | Z28: =IF(Y28="","", IFERROR(VLOOKUP(Y28, 换算标准!$Z:$AA, 1, TRUE), "")) | AA28: =IF(L28="","", "⚠️ 薄弱环节: "&INDEX($E$1:$K$1, MATCH(MIN(E28:K28), E28:K28, 0))&CHAR(10)&"📉 考察能力: "&IFERROR(VLOOKUP(TRIM(D28)&"_"&TRIM(INDEX($E$1:$K$1, MATCH(MIN(E28:K28), E28:K28, 0))), 技能库!$A:$F, 5, 0),"建议查阅考纲")&CHAR(10)&"💡 提升建议: "&IFERROR(VLOOKUP(TRIM(D28)&"_"&TRIM(INDEX($E$1:$K$1, MATCH(MIN(E28:K28), E28:K28, 0))), 技能库!$A:$F, 6, 0),"请针对该题型加强练习")) -> ⚠️ 薄弱环节: R-Pt5 📉 考察能力: [阅读] 开放式填空 (语法) 💡 提升建议: 纯语法考核，重点强化介词、代词、连词和时态助动词。 | AB28: =IF(P28="","", "⚠️ 薄弱环节: "&INDEX($N$1:$O$1, MATCH(MIN(N28:O28), N28:O28, 0))&CHAR(10)&"📉 考察能力: "&IFERROR(VLOOKUP(TRIM(D28)&"_"&TRIM(INDEX($N$1:$O$1, MATCH(MIN(N28:O28), N28:O28, 0))), 技能库!$A:$F, 5, 0),"建议查阅考纲")&CHAR(10)&"💡 提升建议: "&IFERROR(VLOOKUP(TRIM(D28)&"_"&TRIM(INDEX($N$1:$O$1, MATCH(MIN(N28:O28), N28:O28, 0))), 技能库!$A:$F, 6, 0),"请针对该题型加强练习")) -> ⚠️ 薄弱环节: W-Pt2 📉 考察能力: [写作] 看图写故事 💡 提升建议: 运用 linking words (so, because) 串联图片，注意过去时态。 | AC28: =IF(W28="","", "⚠️ 薄弱环节: "&INDEX($R$1:$V$1, MATCH(MIN(R28:V28), R28:V28, 0))&CHAR(10)&"📉 考察能力: "&IFERROR(VLOOKUP(TRIM(D28)&"_"&TRIM(INDEX($R$1:$V$1, MATCH(MIN(R28:V28), R28:V28, 0))), 技能库!$A:$F, 5, 0),"建议查阅考纲")&CHAR(10)&"💡 提升建议: "&IFERROR(VLOOKUP(TRIM(D28)&"_"&TRIM(INDEX($R$1:$V$1, MATCH(MIN(R28:V28), R28:V28, 0))), 技能库!$A:$F, 6, 0),"请针对该题型加强练习")) -> ⚠️ 薄弱环节: L-Pt2 📉 考察能力: [听力] 填空 (信息记录) 💡 提升建议: 强化数字、价格、日期、拼写的听写训练。 | AD28: 45915
A29: 303 | B29: A1 | C29: 王薇童 Vera Wang | D29: KET | E29: 4 | F29: 0 | G29: 5 | H29: 4 | I29: 6 | L29: =IF(COUNT(E29:K29)>0, SUM(E29:K29), "") -> 19 | M29: =IF(L29="","", IFERROR(VLOOKUP(L29, IF(D29="KET", 换算标准!$M:$N, IF(D29="PET", 换算标准!$S:$T, 换算标准!$AC:$AD)), 2, TRUE), 0)) -> 117 | N29: 13 | O29: 16 | P29: =IF(COUNT(N29:O29)>0, SUM(N29:O29), "") -> 29 | Q29: =IF(P29="","", IFERROR(VLOOKUP(P29, IF(D29="KET", 换算标准!$O:$P, IF(D29="PET", 换算标准!$U:$V, 换算标准!$AG:$AH)), 2, TRUE), 0)) -> 148 | R29: 5 | S29: 3 | T29: 4 | U29: 5 | V29: 5 | W29: =IF(COUNT(R29:V29)>0, SUM(R29:V29), "") -> 22 | X29: =IF(W29="","", IFERROR(VLOOKUP(W29, IF(D29="KET", 换算标准!$Q:$R, IF(D29="PET", 换算标准!$W:$X, 换算标准!$AI:$AJ)), 2, TRUE), 0)) -> 136 | Y29: =IF(COUNT(M29,Q29,X29)>0, AVERAGE(M29,Q29,X29), "") -> 133.66667 | Z29: =IF(Y29="","", IFERROR(VLOOKUP(Y29, 换算标准!$Z:$AA, 1, TRUE), "")) | AA29: =IF(L29="","", "⚠️ 薄弱环节: "&INDEX($E$1:$K$1, MATCH(MIN(E29:K29), E29:K29, 0))&CHAR(10)&"📉 考察能力: "&IFERROR(VLOOKUP(TRIM(D29)&"_"&TRIM(INDEX($E$1:$K$1, MATCH(MIN(E29:K29), E29:K29, 0))), 技能库!$A:$F, 5, 0),"建议查阅考纲")&CHAR(10)&"💡 提升建议: "&IFERROR(VLOOKUP(TRIM(D29)&"_"&TRIM(INDEX($E$1:$K$1, MATCH(MIN(E29:K29), E29:K29, 0))), 技能库!$A:$F, 6, 0),"请针对该题型加强练习")) -> ⚠️ 薄弱环节: R-Pt2 📉 考察能力: [阅读] 三选一匹配 (细节) 💡 提升建议: 练习快速定位，注意题目描述与原文细节的对应。 | AB29: =IF(P29="","", "⚠️ 薄弱环节: "&INDEX($N$1:$O$1, MATCH(MIN(N29:O29), N29:O29, 0))&CHAR(10)&"📉 考察能力: "&IFERROR(VLOOKUP(TRIM(D29)&"_"&TRIM(INDEX($N$1:$O$1, MATCH(MIN(N29:O29), N29:O29, 0))), 技能库!$A:$F, 5, 0),"建议查阅考纲")&CHAR(10)&"💡 提升建议: "&IFERROR(VLOOKUP(TRIM(D29)&"_"&TRIM(INDEX($N$1:$O$1, MATCH(MIN(N29:O29), N29:O29, 0))), 技能库!$A:$F, 6, 0),"请针对该题型加强练习")) -> ⚠️ 薄弱环节: W-Pt1 📉 考察能力: [写作] 短邮件/便条 💡 提升建议: 必须覆盖所有3个要点，注意语域恰当，无拼写语法错误。 | AC29: =IF(W29="","", "⚠️ 薄弱环节: "&INDEX($R$1:$V$1, MATCH(MIN(R29:V29), R29:V29, 0))&CHAR(10)&"📉 考察能力: "&IFERROR(VLOOKUP(TRIM(D29)&"_"&TRIM(INDEX($R$1:$V$1, MATCH(MIN(R29:V29), R29:V29, 0))), 技能库!$A:$F, 5, 0),"建议查阅考纲")&CHAR(10)&"💡 提升建议: "&IFERROR(VLOOKUP(TRIM(D29)&"_"&TRIM(INDEX($R$1:$V$1, MATCH(MIN(R29:V29), R29:V29, 0))), 技能库!$A:$F, 6, 0),"请针对该题型加强练习")) -> ⚠️ 薄弱环节: L-Pt2 📉 考察能力: [听力] 填空 (信息记录) 💡 提升建议: 强化数字、价格、日期、拼写的听写训练。 | AD29: 45915
A30: 303 | B30: A1 | C30: 石帛玄 Mambo Shi | D30: KET | E30: 1 | F30: 7 | G30: 3 | H30: 3 | I30: 0 | L30: =IF(COUNT(E30:K30)>0, SUM(E30:K30), "") -> 14 | M30: =IF(L30="","", IFERROR(VLOOKUP(L30, IF(D30="KET", 换算标准!$M:$N, IF(D30="PET", 换算标准!$S:$T, 换算标准!$AC:$AD)), 2, TRUE), 0)) -> 102 | N30: 6 | O30: 10 | P30: =IF(COUNT(N30:O30)>0, SUM(N30:O30), "") -> 16 | Q30: =IF(P30="","", IFERROR(VLOOKUP(P30, IF(D30="KET", 换算标准!$O:$P, IF(D30="PET", 换算标准!$U:$V, 换算标准!$AG:$AH)), 2, TRUE), 0)) -> 114 | R30: 4 | S30: 1 | T30: 4 | U30: 4 | V30: 5 | W30: =IF(COUNT(R30:V30)>0, SUM(R30:V30), "") -> 18 | X30: =IF(W30="","", IFERROR(VLOOKUP(W30, IF(D30="KET", 换算标准!$Q:$R, IF(D30="PET", 换算标准!$W:$X, 换算标准!$AI:$AJ)), 2, TRUE), 0)) -> 123 | Y30: =IF(COUNT(M30,Q30,X30)>0, AVERAGE(M30,Q30,X30), "") -> 113 | Z30: =IF(Y30="","", IFERROR(VLOOKUP(Y30, 换算标准!$Z:$AA, 1, TRUE), "")) | AA30: =IF(L30="","", "⚠️ 薄弱环节: "&INDEX($E$1:$K$1, MATCH(MIN(E30:K30), E30:K30, 0))&CHAR(10)&"📉 考察能力: "&IFERROR(VLOOKUP(TRIM(D30)&"_"&TRIM(INDEX($E$1:$K$1, MATCH(MIN(E30:K30), E30:K30, 0))), 技能库!$A:$F, 5, 0),"建议查阅考纲")&CHAR(10)&"💡 提升建议: "&IFERROR(VLOOKUP(TRIM(D30)&"_"&TRIM(INDEX($E$1:$K$1, MATCH(MIN(E30:K30), E30:K30, 0))), 技能库!$A:$F, 6, 0),"请针对该题型加强练习")) -> ⚠️ 薄弱环节: R-Pt5 📉 考察能力: [阅读] 开放式填空 (语法) 💡 提升建议: 纯语法考核，重点强化介词、代词、连词和时态助动词。 | AB30: =IF(P30="","", "⚠️ 薄弱环节: "&INDEX($N$1:$O$1, MATCH(MIN(N30:O30), N30:O30, 0))&CHAR(10)&"📉 考察能力: "&IFERROR(VLOOKUP(TRIM(D30)&"_"&TRIM(INDEX($N$1:$O$1, MATCH(MIN(N30:O30), N30:O30, 0))), 技能库!$A:$F, 5, 0),"建议查阅考纲")&CHAR(10)&"💡 提升建议: "&IFERROR(VLOOKUP(TRIM(D30)&"_"&TRIM(INDEX($N$1:$O$1, MATCH(MIN(N30:O30), N30:O30, 0))), 技能库!$A:$F, 6, 0),"请针对该题型加强练习")) -> ⚠️ 薄弱环节: W-Pt1 📉 考察能力: [写作] 短邮件/便条 💡 提升建议: 必须覆盖所有3个要点，注意语域恰当，无拼写语法错误。 | AC30: =IF(W30="","", "⚠️ 薄弱环节: "&INDEX($R$1:$V$1, MATCH(MIN(R30:V30), R30:V30, 0))&CHAR(10)&"📉 考察能力: "&IFERROR(VLOOKUP(TRIM(D30)&"_"&TRIM(INDEX($R$1:$V$1, MATCH(MIN(R30:V30), R30:V30, 0))), 技能库!$A:$F, 5, 0),"建议查阅考纲")&CHAR(10)&"💡 提升建议: "&IFERROR(VLOOKUP(TRIM(D30)&"_"&TRIM(INDEX($R$1:$V$1, MATCH(MIN(R30:V30), R30:V30, 0))), 技能库!$A:$F, 6, 0),"请针对该题型加强练习")) -> ⚠️ 薄弱环节: L-Pt2 📉 考察能力: [听力] 填空 (信息记录) 💡 提升建议: 强化数字、价格、日期、拼写的听写训练。 | AD30: 45915
A31: 305 | B31: A1 | C31: 胡鸿轩 Lucas Hu | D31: KET | E31: 5 | F31: 6 | G31: 4 | H31: 4 | I31: 3 | L31: =IF(COUNT(E31:K31)>0, SUM(E31:K31), "") -> 22 | M31: =IF(L31="","", IFERROR(VLOOKUP(L31, IF(D31="KET", 换算标准!$M:$N, IF(D31="PET", 换算标准!$S:$T, 换算标准!$AC:$AD)), 2, TRUE), 0)) -> 125 | N31: 9 | O31: 9 | P31: =IF(COUNT(N31:O31)>0, SUM(N31:O31), "") -> 18 | Q31: =IF(P31="","", IFERROR(VLOOKUP(P31, IF(D31="KET", 换算标准!$O:$P, IF(D31="PET", 换算标准!$U:$V, 换算标准!$AG:$AH)), 2, TRUE), 0)) -> 120 | R31: 1 | S31: 2 | T31: 5 | U31: 4 | V31: 4 | W31: =IF(COUNT(R31:V31)>0, SUM(R31:V31), "") -> 16 | X31: =IF(W31="","", IFERROR(VLOOKUP(W31, IF(D31="KET", 换算标准!$Q:$R, IF(D31="PET", 换算标准!$W:$X, 换算标准!$AI:$AJ)), 2, TRUE), 0)) -> 116 | Y31: =IF(COUNT(M31,Q31,X31)>0, AVERAGE(M31,Q31,X31), "") -> 120.33333 | Z31: =IF(Y31="","", IFERROR(VLOOKUP(Y31, 换算标准!$Z:$AA, 1, TRUE), "")) | AA31: =IF(L31="","", "⚠️ 薄弱环节: "&INDEX($E$1:$K$1, MATCH(MIN(E31:K31), E31:K31, 0))&CHAR(10)&"📉 考察能力: "&IFERROR(VLOOKUP(TRIM(D31)&"_"&TRIM(INDEX($E$1:$K$1, MATCH(MIN(E31:K31), E31:K31, 0))), 技能库!$A:$F, 5, 0),"建议查阅考纲")&CHAR(10)&"💡 提升建议: "&IFERROR(VLOOKUP(TRIM(D31)&"_"&TRIM(INDEX($E$1:$K$1, MATCH(MIN(E31:K31), E31:K31, 0))), 技能库!$A:$F, 6, 0),"请针对该题型加强练习")) -> ⚠️ 薄弱环节: R-Pt5 📉 考察能力: [阅读] 开放式填空 (语法) 💡 提升建议: 纯语法考核，重点强化介词、代词、连词和时态助动词。 | AB31: =IF(P31="","", "⚠️ 薄弱环节: "&INDEX($N$1:$O$1, MATCH(MIN(N31:O31), N31:O31, 0))&CHAR(10)&"📉 考察能力: "&IFERROR(VLOOKUP(TRIM(D31)&"_"&TRIM(INDEX($N$1:$O$1, MATCH(MIN(N31:O31), N31:O31, 0))), 技能库!$A:$F, 5, 0),"建议查阅考纲")&CHAR(10)&"💡 提升建议: "&IFERROR(VLOOKUP(TRIM(D31)&"_"&TRIM(INDEX($N$1:$O$1, MATCH(MIN(N31:O31), N31:O31, 0))), 技能库!$A:$F, 6, 0),"请针对该题型加强练习")) -> ⚠️ 薄弱环节: W-Pt1 📉 考察能力: [写作] 短邮件/便条 💡 提升建议: 必须覆盖所有3个要点，注意语域恰当，无拼写语法错误。 | AC31: =IF(W31="","", "⚠️ 薄弱环节: "&INDEX($R$1:$V$1, MATCH(MIN(R31:V31), R31:V31, 0))&CHAR(10)&"📉 考察能力: "&IFERROR(VLOOKUP(TRIM(D31)&"_"&TRIM(INDEX($R$1:$V$1, MATCH(MIN(R31:V31), R31:V31, 0))), 技能库!$A:$F, 5, 0),"建议查阅考纲")&CHAR(10)&"💡 提升建议: "&IFERROR(VLOOKUP(TRIM(D31)&"_"&TRIM(INDEX($R$1:$V$1, MATCH(MIN(R31:V31), R31:V31, 0))), 技能库!$A:$F, 6, 0),"请针对该题型加强练习")) -> ⚠️ 薄弱环节: L-Pt1 📉 考察能力: [听力] 多选 (关键信息) 💡 提升建议: 警惕干扰项，通常听到的第一个选项是错误的，听完整再选。 | AD31: 45915
A32: 303 | B32: A1 | C32: 贺艺婕 Hesper He | D32: KET | E32: 3 | F32: 7 | G32: 5 | H32: 5 | I32: 4 | L32: =IF(COUNT(E32:K32)>0, SUM(E32:K32), "") -> 24 | M32: =IF(L32="","", IFERROR(VLOOKUP(L32, IF(D32="KET", 换算标准!$M:$N, IF(D32="PET", 换算标准!$S:$T, 换算标准!$AC:$AD)), 2, TRUE), 0)) -> 130 | N32: 13 | O32: 13 | P32: =IF(COUNT(N32:O32)>0, SUM(N32:O32), "") -> 26 | Q32: =IF(P32="","", IFERROR(VLOOKUP(P32, IF(D32="KET", 换算标准!$O:$P, IF(D32="PET", 换算标准!$U:$V, 换算标准!$AG:$AH)), 2, TRUE), 0)) -> 140 | R32: 4 | S32: 3 | T32: 5 | U32: 4 | V32: 3 | W32: =IF(COUNT(R32:V32)>0, SUM(R32:V32), "") -> 19 | X32: =IF(W32="","", IFERROR(VLOOKUP(W32, IF(D32="KET", 换算标准!$Q:$R, IF(D32="PET", 换算标准!$W:$X, 换算标准!$AI:$AJ)), 2, TRUE), 0)) -> 126 | Y32: =IF(COUNT(M32,Q32,X32)>0, AVERAGE(M32,Q32,X32), "") -> 132 | Z32: =IF(Y32="","", IFERROR(VLOOKUP(Y32, 换算标准!$Z:$AA, 1, TRUE), "")) | AA32: =IF(L32="","", "⚠️ 薄弱环节: "&INDEX($E$1:$K$1, MATCH(MIN(E32:K32), E32:K32, 0))&CHAR(10)&"📉 考察能力: "&IFERROR(VLOOKUP(TRIM(D32)&"_"&TRIM(INDEX($E$1:$K$1, MATCH(MIN(E32:K32), E32:K32, 0))), 技能库!$A:$F, 5, 0),"建议查阅考纲")&CHAR(10)&"💡 提升建议: "&IFERROR(VLOOKUP(TRIM(D32)&"_"&TRIM(INDEX($E$1:$K$1, MATCH(MIN(E32:K32), E32:K32, 0))), 技能库!$A:$F, 6, 0),"请针对该题型加强练习")) -> ⚠️ 薄弱环节: R-Pt1 📉 考察能力: [阅读] 短讯息主旨理解 💡 提升建议: 关注生活中的标识、短信，练习找出关键词的同义替换。 | AB32: =IF(P32="","", "⚠️ 薄弱环节: "&INDEX($N$1:$O$1, MATCH(MIN(N32:O32), N32:O32, 0))&CHAR(10)&"📉 考察能力: "&IFERROR(VLOOKUP(TRIM(D32)&"_"&TRIM(INDEX($N$1:$O$1, MATCH(MIN(N32:O32), N32:O32, 0))), 技能库!$A:$F, 5, 0),"建议查阅考纲")&CHAR(10)&"💡 提升建议: "&IFERROR(VLOOKUP(TRIM(D32)&"_"&TRIM(INDEX($N$1:$O$1, MATCH(MIN(N32:O32), N32:O32, 0))), 技能库!$A:$F, 6, 0),"请针对该题型加强练习")) -> ⚠️ 薄弱环节: W-Pt1 📉 考察能力: [写作] 短邮件/便条 💡 提升建议: 必须覆盖所有3个要点，注意语域恰当，无拼写语法错误。 | AC32: =IF(W32="","", "⚠️ 薄弱环节: "&INDEX($R$1:$V$1, MATCH(MIN(R32:V32), R32:V32, 0))&CHAR(10)&"📉 考察能力: "&IFERROR(VLOOKUP(TRIM(D32)&"_"&TRIM(INDEX($R$1:$V$1, MATCH(MIN(R32:V32), R32:V32, 0))), 技能库!$A:$F, 5, 0),"建议查阅考纲")&CHAR(10)&"💡 提升建议: "&IFERROR(VLOOKUP(TRIM(D32)&"_"&TRIM(INDEX($R$1:$V$1, MATCH(MIN(R32:V32), R32:V32, 0))), 技能库!$A:$F, 6, 0),"请针对该题型加强练习")) -> ⚠️ 薄弱环节: L-Pt2 📉 考察能力: [听力] 填空 (信息记录) 💡 提升建议: 强化数字、价格、日期、拼写的听写训练。 | AD32: 45915
... A42: 303 | B42: A2 | C42: 陈尔萱 Gemma Chen | D42: KET | E42: 4 | F42: 6 | G42: 0 | H42: 1 | I42: 3 | L42: =IF(COUNT(E42:K42)>0, SUM(E42:K42), "") -> 14 | M42: =IF(L42="","", IFERROR(VLOOKUP(L42, IF(D42="KET", 换算标准!$M:$N, IF(D42="PET", 换算标准!$S:$T, 换算标准!$AC:$AD)), 2, TRUE), 0)) -> 102 | N42: 9 | O42: 8 | P42: =IF(COUNT(N42:O42)>0, SUM(N42:O42), "") -> 17 | Q42: =IF(P42="","", IFERROR(VLOOKUP(P42, IF(D42="KET", 换算标准!$O:$P, IF(D42="PET", 换算标准!$U:$V, 换算标准!$AG:$AH)), 2, TRUE), 0)) -> 117 | R42: 2 | S42: 1 | T42: 2 | U42: 3 | V42: 3 | W42: =IF(COUNT(R42:V42)>0, SUM(R42:V42), "") -> 11 | X42: =IF(W42="","", IFERROR(VLOOKUP(W42, IF(D42="KET", 换算标准!$Q:$R, IF(D42="PET", 换算标准!$W:$X, 换算标准!$AI:$AJ)), 2, TRUE), 0)) -> 100 | Y42: =IF(COUNT(M42,Q42,X42)>0, AVERAGE(M42,Q42,X42), "") -> 106.33333 | Z42: =IF(Y42="","", IFERROR(VLOOKUP(Y42, 换算标准!$Z:$AA, 1, TRUE), "")) | AA42: =IF(L42="","", "⚠️ 薄弱环节: "&INDEX($E$1:$K$1, MATCH(MIN(E42:K42), E42:K42, 0))&CHAR(10)&"📉 考察能力: "&IFERROR(VLOOKUP(TRIM(D42)&"_"&TRIM(INDEX($E$1:$K$1, MATCH(MIN(E42:K42), E42:K42, 0))), 技能库!$A:$F, 5, 0),"建议查阅考纲")&CHAR(10)&"💡 提升建议: "&IFERROR(VLOOKUP(TRIM(D42)&"_"&TRIM(INDEX($E$1:$K$1, MATCH(MIN(E42:K42), E42:K42, 0))), 技能库!$A:$F, 6, 0),"请针对该题型加强练习")) -> ⚠️ 薄弱环节: R-Pt3 📉 考察能力: [阅读] 长文主旨理解 💡 提升建议: 提升长难句阅读能力，关注段落大意和作者态度。 | AB42: =IF(P42="","", "⚠️ 薄弱环节: "&INDEX($N$1:$O$1, MATCH(MIN(N42:O42), N42:O42, 0))&CHAR(10)&"📉 考察能力: "&IFERROR(VLOOKUP(TRIM(D42)&"_"&TRIM(INDEX($N$1:$O$1, MATCH(MIN(N42:O42), N42:O42, 0))), 技能库!$A:$F, 5, 0),"建议查阅考纲")&CHAR(10)&"💡 提升建议: "&IFERROR(VLOOKUP(TRIM(D42)&"_"&TRIM(INDEX($N$1:$O$1, MATCH(MIN(N42:O42), N42:O42, 0))), 技能库!$A:$F, 6, 0),"请针对该题型加强练习")) -> ⚠️ 薄弱环节: W-Pt2 📉 考察能力: [写作] 看图写故事 💡 提升建议: 运用 linking words (so, because) 串联图片，注意过去时态。 | AC42: =IF(W42="","", "⚠️ 薄弱环节: "&INDEX($R$1:$V$1, MATCH(MIN(R42:V42), R42:V42, 0))&CHAR(10)&"📉 考察能力: "&IFERROR(VLOOKUP(TRIM(D42)&"_"&TRIM(INDEX($R$1:$V$1, MATCH(MIN(R42:V42), R42:V42, 0))), 技能库!$A:$F, 5, 0),"建议查阅考纲")&CHAR(10)&"💡 提升建议: "&IFERROR(VLOOKUP(TRIM(D42)&"_"&TRIM(INDEX($R$1:$V$1, MATCH(MIN(R42:V42), R42:V42, 0))), 技能库!$A:$F, 6, 0),"请针对该题型加强练习")) -> ⚠️ 薄弱环节: L-Pt2 📉 考察能力: [听力] 填空 (信息记录) 💡 提升建议: 强化数字、价格、日期、拼写的听写训练。 | AD42: 45915
L43: =IF(COUNT(E43:K43)>0, SUM(E43:K43), "") | M43: =IF(L43="","", IFERROR(VLOOKUP(L43, IF(D43="KET", 换算标准!$M:$N, IF(D43="PET", 换算标准!$S:$T, 换算标准!$AC:$AD)), 2, TRUE), 0)) | P43: =IF(COUNT(N43:O43)>0, SUM(N43:O43), "") | Q43: =IF(P43="","", IFERROR(VLOOKUP(P43, IF(D43="KET", 换算标准!$O:$P, IF(D43="PET", 换算标准!$U:$V, 换算标准!$AG:$AH)), 2, TRUE), 0)) | W43: =IF(COUNT(R43:V43)>0, SUM(R43:V43), "") | X43: =IF(W43="","", IFERROR(VLOOKUP(W43, IF(D43="KET", 换算标准!$Q:$R, IF(D43="PET", 换算标准!$W:$X, 换算标准!$AI:$AJ)), 2, TRUE), 0)) | Y43: =IF(COUNT(M43,Q43,X43)>0, AVERAGE(M43,Q43,X43), "") | Z43: =IF(Y43="","", IFERROR(VLOOKUP(Y43, 换算标准!$Z:$AA, 1, TRUE), "")) | AA43: =IF(L43="","", "⚠️ 薄弱环节: "&INDEX($E$1:$K$1, MATCH(MIN(E43:K43), E43:K43, 0))&CHAR(10)&"📉 考察能力: "&IFERROR(VLOOKUP(TRIM(D43)&"_"&TRIM(INDEX($E$1:$K$1, MATCH(MIN(E43:K43), E43:K43, 0))), 技能库!$A:$F, 5, 0),"建议查阅考纲")&CHAR(10)&"💡 提升建议: "&IFERROR(VLOOKUP(TRIM(D43)&"_"&TRIM(INDEX($E$1:$K$1, MATCH(MIN(E43:K43), E43:K43, 0))), 技能库!$A:$F, 6, 0),"请针对该题型加强练习")) | AB43: =IF(P43="","", "⚠️ 薄弱环节: "&INDEX($N$1:$O$1, MATCH(MIN(N43:O43), N43:O43, 0))&CHAR(10)&"📉 考察能力: "&IFERROR(VLOOKUP(TRIM(D43)&"_"&TRIM(INDEX($N$1:$O$1, MATCH(MIN(N43:O43), N43:O43, 0))), 技能库!$A:$F, 5, 0),"建议查阅考纲")&CHAR(10)&"💡 提升建议: "&IFERROR(VLOOKUP(TRIM(D43)&"_"&TRIM(INDEX($N$1:$O$1, MATCH(MIN(N43:O43), N43:O43, 0))), 技能库!$A:$F, 6, 0),"请针对该题型加强练习")) | AC43: =IF(W43="","", "⚠️ 薄弱环节: "&INDEX($R$1:$V$1, MATCH(MIN(R43:V43), R43:V43, 0))&CHAR(10)&"📉 考察能力: "&IFERROR(VLOOKUP(TRIM(D43)&"_"&TRIM(INDEX($R$1:$V$1, MATCH(MIN(R43:V43), R43:V43, 0))), 技能库!$A:$F, 5, 0),"建议查阅考纲")&CHAR(10)&"💡 提升建议: "&IFERROR(VLOOKUP(TRIM(D43)&"_"&TRIM(INDEX($R$1:$V$1, MATCH(MIN(R43:V43), R43:V43, 0))), 技能库!$A:$F, 6, 0),"请针对该题型加强练习")) | AD43: 2024-01-15
L44: =IF(COUNT(E44:K44)>0, SUM(E44:K44), "") | M44: =IF(L44="","", IFERROR(VLOOKUP(L44, IF(D44="KET", 换算标准!$M:$N, IF(D44="PET", 换算标准!$S:$T, 换算标准!$AC:$AD)), 2, TRUE), 0)) | P44: =IF(COUNT(N44:O44)>0, SUM(N44:O44), "") | Q44: =IF(P44="","", IFERROR(VLOOKUP(P44, IF(D44="KET", 换算标准!$O:$P, IF(D44="PET", 换算标准!$U:$V, 换算标准!$AG:$AH)), 2, TRUE), 0)) | W44: =IF(COUNT(R44:V44)>0, SUM(R44:V44), "") | X44: =IF(W44="","", IFERROR(VLOOKUP(W44, IF(D44="KET", 换算标准!$Q:$R, IF(D44="PET", 换算标准!$W:$X, 换算标准!$AI:$AJ)), 2, TRUE), 0)) | Y44: =IF(COUNT(M44,Q44,X44)>0, AVERAGE(M44,Q44,X44), "") | Z44: =IF(Y44="","", IFERROR(VLOOKUP(Y44, 换算标准!$Z:$AA, 1, TRUE), "")) | AA44: =IF(L44="","", "⚠️ 薄弱环节: "&INDEX($E$1:$K$1, MATCH(MIN(E44:K44), E44:K44, 0))&CHAR(10)&"📉 考察能力: "&IFERROR(VLOOKUP(TRIM(D44)&"_"&TRIM(INDEX($E$1:$K$1, MATCH(MIN(E44:K44), E44:K44, 0))), 技能库!$A:$F, 5, 0),"建议查阅考纲")&CHAR(10)&"💡 提升建议: "&IFERROR(VLOOKUP(TRIM(D44)&"_"&TRIM(INDEX($E$1:$K$1, MATCH(MIN(E44:K44), E44:K44, 0))), 技能库!$A:$F, 6, 0),"请针对该题型加强练习")) | AB44: =IF(P44="","", "⚠️ 薄弱环节: "&INDEX($N$1:$O$1, MATCH(MIN(N44:O44), N44:O44, 0))&CHAR(10)&"📉 考察能力: "&IFERROR(VLOOKUP(TRIM(D44)&"_"&TRIM(INDEX($N$1:$O$1, MATCH(MIN(N44:O44), N44:O44, 0))), 技能库!$A:$F, 5, 0),"建议查阅考纲")&CHAR(10)&"💡 提升建议: "&IFERROR(VLOOKUP(TRIM(D44)&"_"&TRIM(INDEX($N$1:$O$1, MATCH(MIN(N44:O44), N44:O44, 0))), 技能库!$A:$F, 6, 0),"请针对该题型加强练习")) | AC44: =IF(W44="","", "⚠️ 薄弱环节: "&INDEX($R$1:$V$1, MATCH(MIN(R44:V44), R44:V44, 0))&CHAR(10)&"📉 考察能力: "&IFERROR(VLOOKUP(TRIM(D44)&"_"&TRIM(INDEX($R$1:$V$1, MATCH(MIN(R44:V44), R44:V44, 0))), 技能库!$A:$F, 5, 0),"建议查阅考纲")&CHAR(10)&"💡 提升建议: "&IFERROR(VLOOKUP(TRIM(D44)&"_"&TRIM(INDEX($R$1:$V$1, MATCH(MIN(R44:V44), R44:V44, 0))), 技能库!$A:$F, 6, 0),"请针对该题型加强练习")) | AD44: 2024-01-15
L45: =IF(COUNT(E45:K45)>0, SUM(E45:K45), "") | M45: =IF(L45="","", IFERROR(VLOOKUP(L45, IF(D45="KET", 换算标准!$M:$N, IF(D45="PET", 换算标准!$S:$T, 换算标准!$AC:$AD)), 2, TRUE), 0)) | P45: =IF(COUNT(N45:O45)>0, SUM(N45:O45), "") | Q45: =IF(P45="","", IFERROR(VLOOKUP(P45, IF(D45="KET", 换算标准!$O:$P, IF(D45="PET", 换算标准!$U:$V, 换算标准!$AG:$AH)), 2, TRUE), 0)) | W45: =IF(COUNT(R45:V45)>0, SUM(R45:V45), "") | X45: =IF(W45="","", IFERROR(VLOOKUP(W45, IF(D45="KET", 换算标准!$Q:$R, IF(D45="PET", 换算标准!$W:$X, 换算标准!$AI:$AJ)), 2, TRUE), 0)) | Y45: =IF(COUNT(M45,Q45,X45)>0, AVERAGE(M45,Q45,X45), "") | Z45: =IF(Y45="","", IFERROR(VLOOKUP(Y45, 换算标准!$Z:$AA, 1, TRUE), "")) | AA45: =IF(L45="","", "⚠️ 薄弱环节: "&INDEX($E$1:$K$1, MATCH(MIN(E45:K45), E45:K45, 0))&CHAR(10)&"📉 考察能力: "&IFERROR(VLOOKUP(TRIM(D45)&"_"&TRIM(INDEX($E$1:$K$1, MATCH(MIN(E45:K45), E45:K45, 0))), 技能库!$A:$F, 5, 0),"建议查阅考纲")&CHAR(10)&"💡 提升建议: "&IFERROR(VLOOKUP(TRIM(D45)&"_"&TRIM(INDEX($E$1:$K$1, MATCH(MIN(E45:K45), E45:K45, 0))), 技能库!$A:$F, 6, 0),"请针对该题型加强练习")) | AB45: =IF(P45="","", "⚠️ 薄弱环节: "&INDEX($N$1:$O$1, MATCH(MIN(N45:O45), N45:O45, 0))&CHAR(10)&"📉 考察能力: "&IFERROR(VLOOKUP(TRIM(D45)&"_"&TRIM(INDEX($N$1:$O$1, MATCH(MIN(N45:O45), N45:O45, 0))), 技能库!$A:$F, 5, 0),"建议查阅考纲")&CHAR(10)&"💡 提升建议: "&IFERROR(VLOOKUP(TRIM(D45)&"_"&TRIM(INDEX($N$1:$O$1, MATCH(MIN(N45:O45), N45:O45, 0))), 技能库!$A:$F, 6, 0),"请针对该题型加强练习")) | AC45: =IF(W45="","", "⚠️ 薄弱环节: "&INDEX($R$1:$V$1, MATCH(MIN(R45:V45), R45:V45, 0))&CHAR(10)&"📉 考察能力: "&IFERROR(VLOOKUP(TRIM(D45)&"_"&TRIM(INDEX($R$1:$V$1, MATCH(MIN(R45:V45), R45:V45, 0))), 技能库!$A:$F, 5, 0),"建议查阅考纲")&CHAR(10)&"💡 提升建议: "&IFERROR(VLOOKUP(TRIM(D45)&"_"&TRIM(INDEX($R$1:$V$1, MATCH(MIN(R45:V45), R45:V45, 0))), 技能库!$A:$F, 6, 0),"请针对该题型加强练习")) | AD45: 2024-01-15
L46: =IF(COUNT(E46:K46)>0, SUM(E46:K46), "") | M46: =IF(L46="","", IFERROR(VLOOKUP(L46, IF(D46="KET", 换算标准!$M:$N, IF(D46="PET", 换算标准!$S:$T, 换算标准!$AC:$AD)), 2, TRUE), 0)) | P46: =IF(COUNT(N46:O46)>0, SUM(N46:O46), "") | Q46: =IF(P46="","", IFERROR(VLOOKUP(P46, IF(D46="KET", 换算标准!$O:$P, IF(D46="PET", 换算标准!$U:$V, 换算标准!$AG:$AH)), 2, TRUE), 0)) | W46: =IF(COUNT(R46:V46)>0, SUM(R46:V46), "") | X46: =IF(W46="","", IFERROR(VLOOKUP(W46, IF(D46="KET", 换算标准!$Q:$R, IF(D46="PET", 换算标准!$W:$X, 换算标准!$AI:$AJ)), 2, TRUE), 0)) | Y46: =IF(COUNT(M46,Q46,X46)>0, AVERAGE(M46,Q46,X46), "") | Z46: =IF(Y46="","", IFERROR(VLOOKUP(Y46, 换算标准!$Z:$AA, 1, TRUE), "")) | AA46: =IF(L46="","", "⚠️ 薄弱环节: "&INDEX($E$1:$K$1, MATCH(MIN(E46:K46), E46:K46, 0))&CHAR(10)&"📉 考察能力: "&IFERROR(VLOOKUP(TRIM(D46)&"_"&TRIM(INDEX($E$1:$K$1, MATCH(MIN(E46:K46), E46:K46, 0))), 技能库!$A:$F, 5, 0),"建议查阅考纲")&CHAR(10)&"💡 提升建议: "&IFERROR(VLOOKUP(TRIM(D46)&"_"&TRIM(INDEX($E$1:$K$1, MATCH(MIN(E46:K46), E46:K46, 0))), 技能库!$A:$F, 6, 0),"请针对该题型加强练习")) | AB46: =IF(P46="","", "⚠️ 薄弱环节: "&INDEX($N$1:$O$1, MATCH(MIN(N46:O46), N46:O46, 0))&CHAR(10)&"📉 考察能力: "&IFERROR(VLOOKUP(TRIM(D46)&"_"&TRIM(INDEX($N$1:$O$1, MATCH(MIN(N46:O46), N46:O46, 0))), 技能库!$A:$F, 5, 0),"建议查阅考纲")&CHAR(10)&"💡 提升建议: "&IFERROR(VLOOKUP(TRIM(D46)&"_"&TRIM(INDEX($N$1:$O$1, MATCH(MIN(N46:O46), N46:O46, 0))), 技能库!$A:$F, 6, 0),"请针对该题型加强练习")) | AC46: =IF(W46="","", "⚠️ 薄弱环节: "&INDEX($R$1:$V$1, MATCH(MIN(R46:V46), R46:V46, 0))&CHAR(10)&"📉 考察能力: "&IFERROR(VLOOKUP(TRIM(D46)&"_"&TRIM(INDEX($R$1:$V$1, MATCH(MIN(R46:V46), R46:V46, 0))), 技能库!$A:$F, 5, 0),"建议查阅考纲")&CHAR(10)&"💡 提升建议: "&IFERROR(VLOOKUP(TRIM(D46)&"_"&TRIM(INDEX($R$1:$V$1, MATCH(MIN(R46:V46), R46:V46, 0))), 技能库!$A:$F, 6, 0),"请针对该题型加强练习")) | AD46: 2024-01-15
L47: =IF(COUNT(E47:K47)>0, SUM(E47:K47), "") | M47: =IF(L47="","", IFERROR(VLOOKUP(L47, IF(D47="KET", 换算标准!$M:$N, IF(D47="PET", 换算标准!$S:$T, 换算标准!$AC:$AD)), 2, TRUE), 0)) | P47: =IF(COUNT(N47:O47)>0, SUM(N47:O47), "") | Q47: =IF(P47="","", IFERROR(VLOOKUP(P47, IF(D47="KET", 换算标准!$O:$P, IF(D47="PET", 换算标准!$U:$V, 换算标准!$AG:$AH)), 2, TRUE), 0)) | W47: =IF(COUNT(R47:V47)>0, SUM(R47:V47), "") | X47: =IF(W47="","", IFERROR(VLOOKUP(W47, IF(D47="KET", 换算标准!$Q:$R, IF(D47="PET", 换算标准!$W:$X, 换算标准!$AI:$AJ)), 2, TRUE), 0)) | Y47: =IF(COUNT(M47,Q47,X47)>0, AVERAGE(M47,Q47,X47), "") | Z47: =IF(Y47="","", IFERROR(VLOOKUP(Y47, 换算标准!$Z:$AA, 1, TRUE), "")) | AA47: =IF(L47="","", "⚠️ 薄弱环节: "&INDEX($E$1:$K$1, MATCH(MIN(E47:K47), E47:K47, 0))&CHAR(10)&"📉 考察能力: "&IFERROR(VLOOKUP(TRIM(D47)&"_"&TRIM(INDEX($E$1:$K$1, MATCH(MIN(E47:K47), E47:K47, 0))), 技能库!$A:$F, 5, 0),"建议查阅考纲")&CHAR(10)&"💡 提升建议: "&IFERROR(VLOOKUP(TRIM(D47)&"_"&TRIM(INDEX($E$1:$K$1, MATCH(MIN(E47:K47), E47:K47, 0))), 技能库!$A:$F, 6, 0),"请针对该题型加强练习")) | AB47: =IF(P47="","", "⚠️ 薄弱环节: "&INDEX($N$1:$O$1, MATCH(MIN(N47:O47), N47:O47, 0))&CHAR(10)&"📉 考察能力: "&IFERROR(VLOOKUP(TRIM(D47)&"_"&TRIM(INDEX($N$1:$O$1, MATCH(MIN(N47:O47), N47:O47, 0))), 技能库!$A:$F, 5, 0),"建议查阅考纲")&CHAR(10)&"💡 提升建议: "&IFERROR(VLOOKUP(TRIM(D47)&"_"&TRIM(INDEX($N$1:$O$1, MATCH(MIN(N47:O47), N47:O47, 0))), 技能库!$A:$F, 6, 0),"请针对该题型加强练习")) | AC47: =IF(W47="","", "⚠️ 薄弱环节: "&INDEX($R$1:$V$1, MATCH(MIN(R47:V47), R47:V47, 0))&CHAR(10)&"📉 考察能力: "&IFERROR(VLOOKUP(TRIM(D47)&"_"&TRIM(INDEX($R$1:$V$1, MATCH(MIN(R47:V47), R47:V47, 0))), 技能库!$A:$F, 5, 0),"建议查阅考纲")&CHAR(10)&"💡 提升建议: "&IFERROR(VLOOKUP(TRIM(D47)&"_"&TRIM(INDEX($R$1:$V$1, MATCH(MIN(R47:V47), R47:V47, 0))), 技能库!$A:$F, 6, 0),"请针对该题型加强练习")) | AD47: 2024-01-15
L48: =IF(COUNT(E48:K48)>0, SUM(E48:K48), "") | M48: =IF(L48="","", IFERROR(VLOOKUP(L48, IF(D48="KET", 换算标准!$M:$N, IF(D48="PET", 换算标准!$S:$T, 换算标准!$AC:$AD)), 2, TRUE), 0)) | P48: =IF(COUNT(N48:O48)>0, SUM(N48:O48), "") | Q48: =IF(P48="","", IFERROR(VLOOKUP(P48, IF(D48="KET", 换算标准!$O:$P, IF(D48="PET", 换算标准!$U:$V, 换算标准!$AG:$AH)), 2, TRUE), 0)) | W48: =IF(COUNT(R48:V48)>0, SUM(R48:V48), "") | X48: =IF(W48="","", IFERROR(VLOOKUP(W48, IF(D48="KET", 换算标准!$Q:$R, IF(D48="PET", 换算标准!$W:$X, 换算标准!$AI:$AJ)), 2, TRUE), 0)) | Y48: =IF(COUNT(M48,Q48,X48)>0, AVERAGE(M48,Q48,X48), "") | Z48: =IF(Y48="","", IFERROR(VLOOKUP(Y48, 换算标准!$Z:$AA, 1, TRUE), "")) | AA48: =IF(L48="","", "⚠️ 薄弱环节: "&INDEX($E$1:$K$1, MATCH(MIN(E48:K48), E48:K48, 0))&CHAR(10)&"📉 考察能力: "&IFERROR(VLOOKUP(TRIM(D48)&"_"&TRIM(INDEX($E$1:$K$1, MATCH(MIN(E48:K48), E48:K48, 0))), 技能库!$A:$F, 5, 0),"建议查阅考纲")&CHAR(10)&"💡 提升建议: "&IFERROR(VLOOKUP(TRIM(D48)&"_"&TRIM(INDEX($E$1:$K$1, MATCH(MIN(E48:K48), E48:K48, 0))), 技能库!$A:$F, 6, 0),"请针对该题型加强练习")) | AB48: =IF(P48="","", "⚠️ 薄弱环节: "&INDEX($N$1:$O$1, MATCH(MIN(N48:O48), N48:O48, 0))&CHAR(10)&"📉 考察能力: "&IFERROR(VLOOKUP(TRIM(D48)&"_"&TRIM(INDEX($N$1:$O$1, MATCH(MIN(N48:O48), N48:O48, 0))), 技能库!$A:$F, 5, 0),"建议查阅考纲")&CHAR(10)&"💡 提升建议: "&IFERROR(VLOOKUP(TRIM(D48)&"_"&TRIM(INDEX($N$1:$O$1, MATCH(MIN(N48:O48), N48:O48, 0))), 技能库!$A:$F, 6, 0),"请针对该题型加强练习")) | AC48: =IF(W48="","", "⚠️ 薄弱环节: "&INDEX($R$1:$V$1, MATCH(MIN(R48:V48), R48:V48, 0))&CHAR(10)&"📉 考察能力: "&IFERROR(VLOOKUP(TRIM(D48)&"_"&TRIM(INDEX($R$1:$V$1, MATCH(MIN(R48:V48), R48:V48, 0))), 技能库!$A:$F, 5, 0),"建议查阅考纲")&CHAR(10)&"💡 提升建议: "&IFERROR(VLOOKUP(TRIM(D48)&"_"&TRIM(INDEX($R$1:$V$1, MATCH(MIN(R48:V48), R48:V48, 0))), 技能库!$A:$F, 6, 0),"请针对该题型加强练习")) | AD48: 2024-01-15
L49: =IF(COUNT(E49:K49)>0, SUM(E49:K49), "") | M49: =IF(L49="","", IFERROR(VLOOKUP(L49, IF(D49="KET", 换算标准!$M:$N, IF(D49="PET", 换算标准!$S:$T, 换算标准!$AC:$AD)), 2, TRUE), 0)) | P49: =IF(COUNT(N49:O49)>0, SUM(N49:O49), "") | Q49: =IF(P49="","", IFERROR(VLOOKUP(P49, IF(D49="KET", 换算标准!$O:$P, IF(D49="PET", 换算标准!$U:$V, 换算标准!$AG:$AH)), 2, TRUE), 0)) | W49: =IF(COUNT(R49:V49)>0, SUM(R49:V49), "") | X49: =IF(W49="","", IFERROR(VLOOKUP(W49, IF(D49="KET", 换算标准!$Q:$R, IF(D49="PET", 换算标准!$W:$X, 换算标准!$AI:$AJ)), 2, TRUE), 0)) | Y49: =IF(COUNT(M49,Q49,X49)>0, AVERAGE(M49,Q49,X49), "") | Z49: =IF(Y49="","", IFERROR(VLOOKUP(Y49, 换算标准!$Z:$AA, 1, TRUE), "")) | AA49: =IF(L49="","", "⚠️ 薄弱环节: "&INDEX($E$1:$K$1, MATCH(MIN(E49:K49), E49:K49, 0))&CHAR(10)&"📉 考察能力: "&IFERROR(VLOOKUP(TRIM(D49)&"_"&TRIM(INDEX($E$1:$K$1, MATCH(MIN(E49:K49), E49:K49, 0))), 技能库!$A:$F, 5, 0),"建议查阅考纲")&CHAR(10)&"💡 提升建议: "&IFERROR(VLOOKUP(TRIM(D49)&"_"&TRIM(INDEX($E$1:$K$1, MATCH(MIN(E49:K49), E49:K49, 0))), 技能库!$A:$F, 6, 0),"请针对该题型加强练习")) | AB49: =IF(P49="","", "⚠️ 薄弱环节: "&INDEX($N$1:$O$1, MATCH(MIN(N49:O49), N49:O49, 0))&CHAR(10)&"📉 考察能力: "&IFERROR(VLOOKUP(TRIM(D49)&"_"&TRIM(INDEX($N$1:$O$1, MATCH(MIN(N49:O49), N49:O49, 0))), 技能库!$A:$F, 5, 0),"建议查阅考纲")&CHAR(10)&"💡 提升建议: "&IFERROR(VLOOKUP(TRIM(D49)&"_"&TRIM(INDEX($N$1:$O$1, MATCH(MIN(N49:O49), N49:O49, 0))), 技能库!$A:$F, 6, 0),"请针对该题型加强练习")) | AC49: =IF(W49="","", "⚠️ 薄弱环节: "&INDEX($R$1:$V$1, MATCH(MIN(R49:V49), R49:V49, 0))&CHAR(10)&"📉 考察能力: "&IFERROR(VLOOKUP(TRIM(D49)&"_"&TRIM(INDEX($R$1:$V$1, MATCH(MIN(R49:V49), R49:V49, 0))), 技能库!$A:$F, 5, 0),"建议查阅考纲")&CHAR(10)&"💡 提升建议: "&IFERROR(VLOOKUP(TRIM(D49)&"_"&TRIM(INDEX($R$1:$V$1, MATCH(MIN(R49:V49), R49:V49, 0))), 技能库!$A:$F, 6, 0),"请针对该题型加强练习")) | AD49: 2024-01-15
L50: =IF(COUNT(E50:K50)>0, SUM(E50:K50), "") | M50: =IF(L50="","", IFERROR(VLOOKUP(L50, IF(D50="KET", 换算标准!$M:$N, IF(D50="PET", 换算标准!$S:$T, 换算标准!$AC:$AD)), 2, TRUE), 0)) | P50: =IF(COUNT(N50:O50)>0, SUM(N50:O50), "") | Q50: =IF(P50="","", IFERROR(VLOOKUP(P50, IF(D50="KET", 换算标准!$O:$P, IF(D50="PET", 换算标准!$U:$V, 换算标准!$AG:$AH)), 2, TRUE), 0)) | W50: =IF(COUNT(R50:V50)>0, SUM(R50:V50), "") | X50: =IF(W50="","", IFERROR(VLOOKUP(W50, IF(D50="KET", 换算标准!$Q:$R, IF(D50="PET", 换算标准!$W:$X, 换算标准!$AI:$AJ)), 2, TRUE), 0)) | Y50: =IF(COUNT(M50,Q50,X50)>0, AVERAGE(M50,Q50,X50), "") | Z50: =IF(Y50="","", IFERROR(VLOOKUP(Y50, 换算标准!$Z:$AA, 1, TRUE), "")) | AA50: =IF(L50="","", "⚠️ 薄弱环节: "&INDEX($E$1:$K$1, MATCH(MIN(E50:K50), E50:K50, 0))&CHAR(10)&"📉 考察能力: "&IFERROR(VLOOKUP(TRIM(D50)&"_"&TRIM(INDEX($E$1:$K$1, MATCH(MIN(E50:K50), E50:K50, 0))), 技能库!$A:$F, 5, 0),"建议查阅考纲")&CHAR(10)&"💡 提升建议: "&IFERROR(VLOOKUP(TRIM(D50)&"_"&TRIM(INDEX($E$1:$K$1, MATCH(MIN(E50:K50), E50:K50, 0))), 技能库!$A:$F, 6, 0),"请针对该题型加强练习")) | AB50: =IF(P50="","", "⚠️ 薄弱环节: "&INDEX($N$1:$O$1, MATCH(MIN(N50:O50), N50:O50, 0))&CHAR(10)&"📉 考察能力: "&IFERROR(VLOOKUP(TRIM(D50)&"_"&TRIM(INDEX($N$1:$O$1, MATCH(MIN(N50:O50), N50:O50, 0))), 技能库!$A:$F, 5, 0),"建议查阅考纲")&CHAR(10)&"💡 提升建议: "&IFERROR(VLOOKUP(TRIM(D50)&"_"&TRIM(INDEX($N$1:$O$1, MATCH(MIN(N50:O50), N50:O50, 0))), 技能库!$A:$F, 6, 0),"请针对该题型加强练习")) | AC50: =IF(W50="","", "⚠️ 薄弱环节: "&INDEX($R$1:$V$1, MATCH(MIN(R50:V50), R50:V50, 0))&CHAR(10)&"📉 考察能力: "&IFERROR(VLOOKUP(TRIM(D50)&"_"&TRIM(INDEX($R$1:$V$1, MATCH(MIN(R50:V50), R50:V50, 0))), 技能库!$A:$F, 5, 0),"建议查阅考纲")&CHAR(10)&"💡 提升建议: "&IFERROR(VLOOKUP(TRIM(D50)&"_"&TRIM(INDEX($R$1:$V$1, MATCH(MIN(R50:V50), R50:V50, 0))), 技能库!$A:$F, 6, 0),"请针对该题型加强练习")) | AD50: 2024-01-15
L51: =IF(COUNT(E51:K51)>0, SUM(E51:K51), "") | M51: =IF(L51="","", IFERROR(VLOOKUP(L51, IF(D51="KET", 换算标准!$M:$N, IF(D51="PET", 换算标准!$S:$T, 换算标准!$AC:$AD)), 2, TRUE), 0)) | P51: =IF(COUNT(N51:O51)>0, SUM(N51:O51), "") | Q51: =IF(P51="","", IFERROR(VLOOKUP(P51, IF(D51="KET", 换算标准!$O:$P, IF(D51="PET", 换算标准!$U:$V, 换算标准!$AG:$AH)), 2, TRUE), 0)) | W51: =IF(COUNT(R51:V51)>0, SUM(R51:V51), "") | X51: =IF(W51="","", IFERROR(VLOOKUP(W51, IF(D51="KET", 换算标准!$Q:$R, IF(D51="PET", 换算标准!$W:$X, 换算标准!$AI:$AJ)), 2, TRUE), 0)) | Y51: =IF(COUNT(M51,Q51,X51)>0, AVERAGE(M51,Q51,X51), "") | Z51: =IF(Y51="","", IFERROR(VLOOKUP(Y51, 换算标准!$Z:$AA, 1, TRUE), "")) | AA51: =IF(L51="","", "⚠️ 薄弱环节: "&INDEX($E$1:$K$1, MATCH(MIN(E51:K51), E51:K51, 0))&CHAR(10)&"📉 考察能力: "&IFERROR(VLOOKUP(TRIM(D51)&"_"&TRIM(INDEX($E$1:$K$1, MATCH(MIN(E51:K51), E51:K51, 0))), 技能库!$A:$F, 5, 0),"建议查阅考纲")&CHAR(10)&"💡 提升建议: "&IFERROR(VLOOKUP(TRIM(D51)&"_"&TRIM(INDEX($E$1:$K$1, MATCH(MIN(E51:K51), E51:K51, 0))), 技能库!$A:$F, 6, 0),"请针对该题型加强练习")) | AB51: =IF(P51="","", "⚠️ 薄弱环节: "&INDEX($N$1:$O$1, MATCH(MIN(N51:O51), N51:O51, 0))&CHAR(10)&"📉 考察能力: "&IFERROR(VLOOKUP(TRIM(D51)&"_"&TRIM(INDEX($N$1:$O$1, MATCH(MIN(N51:O51), N51:O51, 0))), 技能库!$A:$F, 5, 0),"建议查阅考纲")&CHAR(10)&"💡 提升建议: "&IFERROR(VLOOKUP(TRIM(D51)&"_"&TRIM(INDEX($N$1:$O$1, MATCH(MIN(N51:O51), N51:O51, 0))), 技能库!$A:$F, 6, 0),"请针对该题型加强练习")) | AC51: =IF(W51="","", "⚠️ 薄弱环节: "&INDEX($R$1:$V$1, MATCH(MIN(R51:V51), R51:V51, 0))&CHAR(10)&"📉 考察能力: "&IFERROR(VLOOKUP(TRIM(D51)&"_"&TRIM(INDEX($R$1:$V$1, MATCH(MIN(R51:V51), R51:V51, 0))), 技能库!$A:$F, 5, 0),"建议查阅考纲")&CHAR(10)&"💡 提升建议: "&IFERROR(VLOOKUP(TRIM(D51)&"_"&TRIM(INDEX($R$1:$V$1, MATCH(MIN(R51:V51), R51:V51, 0))), 技能库!$A:$F, 6, 0),"请针对该题型加强练习")) | AD51: 2024-01-15
L52: =IF(COUNT(E52:K52)>0, SUM(E52:K52), "") | M52: =IF(L52="","", IFERROR(VLOOKUP(L52, IF(D52="KET", 换算标准!$M:$N, IF(D52="PET", 换算标准!$S:$T, 换算标准!$AC:$AD)), 2, TRUE), 0)) | P52: =IF(COUNT(N52:O52)>0, SUM(N52:O52), "") | Q52: =IF(P52="","", IFERROR(VLOOKUP(P52, IF(D52="KET", 换算标准!$O:$P, IF(D52="PET", 换算标准!$U:$V, 换算标准!$AG:$AH)), 2, TRUE), 0)) | W52: =IF(COUNT(R52:V52)>0, SUM(R52:V52), "") | X52: =IF(W52="","", IFERROR(VLOOKUP(W52, IF(D52="KET", 换算标准!$Q:$R, IF(D52="PET", 换算标准!$W:$X, 换算标准!$AI:$AJ)), 2, TRUE), 0)) | Y52: =IF(COUNT(M52,Q52,X52)>0, AVERAGE(M52,Q52,X52), "") | Z52: =IF(Y52="","", IFERROR(VLOOKUP(Y52, 换算标准!$Z:$AA, 1, TRUE), "")) | AA52: =IF(L52="","", "⚠️ 薄弱环节: "&INDEX($E$1:$K$1, MATCH(MIN(E52:K52), E52:K52, 0))&CHAR(10)&"📉 考察能力: "&IFERROR(VLOOKUP(TRIM(D52)&"_"&TRIM(INDEX($E$1:$K$1, MATCH(MIN(E52:K52), E52:K52, 0))), 技能库!$A:$F, 5, 0),"建议查阅考纲")&CHAR(10)&"💡 提升建议: "&IFERROR(VLOOKUP(TRIM(D52)&"_"&TRIM(INDEX($E$1:$K$1, MATCH(MIN(E52:K52), E52:K52, 0))), 技能库!$A:$F, 6, 0),"请针对该题型加强练习")) | AB52: =IF(P52="","", "⚠️ 薄弱环节: "&INDEX($N$1:$O$1, MATCH(MIN(N52:O52), N52:O52, 0))&CHAR(10)&"📉 考察能力: "&IFERROR(VLOOKUP(TRIM(D52)&"_"&TRIM(INDEX($N$1:$O$1, MATCH(MIN(N52:O52), N52:O52, 0))), 技能库!$A:$F, 5, 0),"建议查阅考纲")&CHAR(10)&"💡 提升建议: "&IFERROR(VLOOKUP(TRIM(D52)&"_"&TRIM(INDEX($N$1:$O$1, MATCH(MIN(N52:O52), N52:O52, 0))), 技能库!$A:$F, 6, 0),"请针对该题型加强练习")) | AC52: =IF(W52="","", "⚠️ 薄弱环节: "&INDEX($R$1:$V$1, MATCH(MIN(R52:V52), R52:V52, 0))&CHAR(10)&"📉 考察能力: "&IFERROR(VLOOKUP(TRIM(D52)&"_"&TRIM(INDEX($R$1:$V$1, MATCH(MIN(R52:V52), R52:V52, 0))), 技能库!$A:$F, 5, 0),"建议查阅考纲")&CHAR(10)&"💡 提升建议: "&IFERROR(VLOOKUP(TRIM(D52)&"_"&TRIM(INDEX($R$1:$V$1, MATCH(MIN(R52:V52), R52:V52, 0))), 技能库!$A:$F, 6, 0),"请针对该题型加强练习")) | AD52: 2024-01-15
L53: =IF(COUNT(E53:K53)>0, SUM(E53:K53), "") | M53: =IF(L53="","", IFERROR(VLOOKUP(L53, IF(D53="KET", 换算标准!$M:$N, IF(D53="PET", 换算标准!$S:$T, 换算标准!$AC:$AD)), 2, TRUE), 0)) | P53: =IF(COUNT(N53:O53)>0, SUM(N53:O53), "") | Q53: =IF(P53="","", IFERROR(VLOOKUP(P53, IF(D53="KET", 换算标准!$O:$P, IF(D53="PET", 换算标准!$U:$V, 换算标准!$AG:$AH)), 2, TRUE), 0)) | W53: =IF(COUNT(R53:V53)>0, SUM(R53:V53), "") | X53: =IF(W53="","", IFERROR(VLOOKUP(W53, IF(D53="KET", 换算标准!$Q:$R, IF(D53="PET", 换算标准!$W:$X, 换算标准!$AI:$AJ)), 2, TRUE), 0)) | Y53: =IF(COUNT(M53,Q53,X53)>0, AVERAGE(M53,Q53,X53), "") | Z53: =IF(Y53="","", IFERROR(VLOOKUP(Y53, 换算标准!$Z:$AA, 1, TRUE), "")) | AA53: =IF(L53="","", "⚠️ 薄弱环节: "&INDEX($E$1:$K$1, MATCH(MIN(E53:K53), E53:K53, 0))&CHAR(10)&"📉 考察能力: "&IFERROR(VLOOKUP(TRIM(D53)&"_"&TRIM(INDEX($E$1:$K$1, MATCH(MIN(E53:K53), E53:K53, 0))), 技能库!$A:$F, 5, 0),"建议查阅考纲")&CHAR(10)&"💡 提升建议: "&IFERROR(VLOOKUP(TRIM(D53)&"_"&TRIM(INDEX($E$1:$K$1, MATCH(MIN(E53:K53), E53:K53, 0))), 技能库!$A:$F, 6, 0),"请针对该题型加强练习")) | AB53: =IF(P53="","", "⚠️ 薄弱环节: "&INDEX($N$1:$O$1, MATCH(MIN(N53:O53), N53:O53, 0))&CHAR(10)&"📉 考察能力: "&IFERROR(VLOOKUP(TRIM(D53)&"_"&TRIM(INDEX($N$1:$O$1, MATCH(MIN(N53:O53), N53:O53, 0))), 技能库!$A:$F, 5, 0),"建议查阅考纲")&CHAR(10)&"💡 提升建议: "&IFERROR(VLOOKUP(TRIM(D53)&"_"&TRIM(INDEX($N$1:$O$1, MATCH(MIN(N53:O53), N53:O53, 0))), 技能库!$A:$F, 6, 0),"请针对该题型加强练习")) | AC53: =IF(W53="","", "⚠️ 薄弱环节: "&INDEX($R$1:$V$1, MATCH(MIN(R53:V53), R53:V53, 0))&CHAR(10)&"📉 考察能力: "&IFERROR(VLOOKUP(TRIM(D53)&"_"&TRIM(INDEX($R$1:$V$1, MATCH(MIN(R53:V53), R53:V53, 0))), 技能库!$A:$F, 5, 0),"建议查阅考纲")&CHAR(10)&"💡 提升建议: "&IFERROR(VLOOKUP(TRIM(D53)&"_"&TRIM(INDEX($R$1:$V$1, MATCH(MIN(R53:V53), R53:V53, 0))), 技能库!$A:$F, 6, 0),"请针对该题型加强练习")) | AD53: 2024-01-15
L54: =IF(COUNT(E54:K54)>0, SUM(E54:K54), "") | M54: =IF(L54="","", IFERROR(VLOOKUP(L54, IF(D54="KET", 换算标准!$M:$N, IF(D54="PET", 换算标准!$S:$T, 换算标准!$AC:$AD)), 2, TRUE), 0)) | P54: =IF(COUNT(N54:O54)>0, SUM(N54:O54), "") | Q54: =IF(P54="","", IFERROR(VLOOKUP(P54, IF(D54="KET", 换算标准!$O:$P, IF(D54="PET", 换算标准!$U:$V, 换算标准!$AG:$AH)), 2, TRUE), 0)) | W54: =IF(COUNT(R54:V54)>0, SUM(R54:V54), "") | X54: =IF(W54="","", IFERROR(VLOOKUP(W54, IF(D54="KET", 换算标准!$Q:$R, IF(D54="PET", 换算标准!$W:$X, 换算标准!$AI:$AJ)), 2, TRUE), 0)) | Y54: =IF(COUNT(M54,Q54,X54)>0, AVERAGE(M54,Q54,X54), "") | Z54: =IF(Y54="","", IFERROR(VLOOKUP(Y54, 换算标准!$Z:$AA, 1, TRUE), "")) | AA54: =IF(L54="","", "⚠️ 薄弱环节: "&INDEX($E$1:$K$1, MATCH(MIN(E54:K54), E54:K54, 0))&CHAR(10)&"📉 考察能力: "&IFERROR(VLOOKUP(TRIM(D54)&"_"&TRIM(INDEX($E$1:$K$1, MATCH(MIN(E54:K54), E54:K54, 0))), 技能库!$A:$F, 5, 0),"建议查阅考纲")&CHAR(10)&"💡 提升建议: "&IFERROR(VLOOKUP(TRIM(D54)&"_"&TRIM(INDEX($E$1:$K$1, MATCH(MIN(E54:K54), E54:K54, 0))), 技能库!$A:$F, 6, 0),"请针对该题型加强练习")) | AB54: =IF(P54="","", "⚠️ 薄弱环节: "&INDEX($N$1:$O$1, MATCH(MIN(N54:O54), N54:O54, 0))&CHAR(10)&"📉 考察能力: "&IFERROR(VLOOKUP(TRIM(D54)&"_"&TRIM(INDEX($N$1:$O$1, MATCH(MIN(N54:O54), N54:O54, 0))), 技能库!$A:$F, 5, 0),"建议查阅考纲")&CHAR(10)&"💡 提升建议: "&IFERROR(VLOOKUP(TRIM(D54)&"_"&TRIM(INDEX($N$1:$O$1, MATCH(MIN(N54:O54), N54:O54, 0))), 技能库!$A:$F, 6, 0),"请针对该题型加强练习")) | AC54: =IF(W54="","", "⚠️ 薄弱环节: "&INDEX($R$1:$V$1, MATCH(MIN(R54:V54), R54:V54, 0))&CHAR(10)&"📉 考察能力: "&IFERROR(VLOOKUP(TRIM(D54)&"_"&TRIM(INDEX($R$1:$V$1, MATCH(MIN(R54:V54), R54:V54, 0))), 技能库!$A:$F, 5, 0),"建议查阅考纲")&CHAR(10)&"💡 提升建议: "&IFERROR(VLOOKUP(TRIM(D54)&"_"&TRIM(INDEX($R$1:$V$1, MATCH(MIN(R54:V54), R54:V54, 0))), 技能库!$A:$F, 6, 0),"请针对该题型加强练习")) | AD54: 2024-01-15
... L74: =IF(COUNT(E74:K74)>0, SUM(E74:K74), "") | M74: =IF(L74="","", IFERROR(VLOOKUP(L74, IF(D74="KET", 换算标准!$M:$N, IF(D74="PET", 换算标准!$S:$T, 换算标准!$AC:$AD)), 2, TRUE), 0)) | P74: =IF(COUNT(N74:O74)>0, SUM(N74:O74), "") | Q74: =IF(P74="","", IFERROR(VLOOKUP(P74, IF(D74="KET", 换算标准!$O:$P, IF(D74="PET", 换算标准!$U:$V, 换算标准!$AG:$AH)), 2, TRUE), 0)) | W74: =IF(COUNT(R74:V74)>0, SUM(R74:V74), "") | X74: =IF(W74="","", IFERROR(VLOOKUP(W74, IF(D74="KET", 换算标准!$Q:$R, IF(D74="PET", 换算标准!$W:$X, 换算标准!$AI:$AJ)), 2, TRUE), 0)) | Y74: =IF(COUNT(M74,Q74,X74)>0, AVERAGE(M74,Q74,X74), "") | Z74: =IF(Y74="","", IFERROR(VLOOKUP(Y74, 换算标准!$Z:$AA, 1, TRUE), "")) | AA74: =IF(L74="","", "⚠️ 薄弱环节: "&INDEX($E$1:$K$1, MATCH(MIN(E74:K74), E74:K74, 0))&CHAR(10)&"📉 考察能力: "&IFERROR(VLOOKUP(TRIM(D74)&"_"&TRIM(INDEX($E$1:$K$1, MATCH(MIN(E74:K74), E74:K74, 0))), 技能库!$A:$F, 5, 0),"建议查阅考纲")&CHAR(10)&"💡 提升建议: "&IFERROR(VLOOKUP(TRIM(D74)&"_"&TRIM(INDEX($E$1:$K$1, MATCH(MIN(E74:K74), E74:K74, 0))), 技能库!$A:$F, 6, 0),"请针对该题型加强练习")) | AB74: =IF(P74="","", "⚠️ 薄弱环节: "&INDEX($N$1:$O$1, MATCH(MIN(N74:O74), N74:O74, 0))&CHAR(10)&"📉 考察能力: "&IFERROR(VLOOKUP(TRIM(D74)&"_"&TRIM(INDEX($N$1:$O$1, MATCH(MIN(N74:O74), N74:O74, 0))), 技能库!$A:$F, 5, 0),"建议查阅考纲")&CHAR(10)&"💡 提升建议: "&IFERROR(VLOOKUP(TRIM(D74)&"_"&TRIM(INDEX($N$1:$O$1, MATCH(MIN(N74:O74), N74:O74, 0))), 技能库!$A:$F, 6, 0),"请针对该题型加强练习")) | AC74: =IF(W74="","", "⚠️ 薄弱环节: "&INDEX($R$1:$V$1, MATCH(MIN(R74:V74), R74:V74, 0))&CHAR(10)&"📉 考察能力: "&IFERROR(VLOOKUP(TRIM(D74)&"_"&TRIM(INDEX($R$1:$V$1, MATCH(MIN(R74:V74), R74:V74, 0))), 技能库!$A:$F, 5, 0),"建议查阅考纲")&CHAR(10)&"💡 提升建议: "&IFERROR(VLOOKUP(TRIM(D74)&"_"&TRIM(INDEX($R$1:$V$1, MATCH(MIN(R74:V74), R74:V74, 0))), 技能库!$A:$F, 6, 0),"请针对该题型加强练习")) | AD74: 2024-01-15
L75: =IF(COUNT(E75:K75)>0, SUM(E75:K75), "") | M75: =IF(L75="","", IFERROR(VLOOKUP(L75, IF(D75="KET", 换算标准!$M:$N, IF(D75="PET", 换算标准!$S:$T, 换算标准!$AC:$AD)), 2, TRUE), 0)) | P75: =IF(COUNT(N75:O75)>0, SUM(N75:O75), "") | Q75: =IF(P75="","", IFERROR(VLOOKUP(P75, IF(D75="KET", 换算标准!$O:$P, IF(D75="PET", 换算标准!$U:$V, 换算标准!$AG:$AH)), 2, TRUE), 0)) | W75: =IF(COUNT(R75:V75)>0, SUM(R75:V75), "") | X75: =IF(W75="","", IFERROR(VLOOKUP(W75, IF(D75="KET", 换算标准!$Q:$R, IF(D75="PET", 换算标准!$W:$X, 换算标准!$AI:$AJ)), 2, TRUE), 0)) | Y75: =IF(COUNT(M75,Q75,X75)>0, AVERAGE(M75,Q75,X75), "") | Z75: =IF(Y75="","", IFERROR(VLOOKUP(Y75, 换算标准!$Z:$AA, 1, TRUE), "")) | AA75: =IF(L75="","", "⚠️ 薄弱环节: "&INDEX($E$1:$K$1, MATCH(MIN(E75:K75), E75:K75, 0))&CHAR(10)&"📉 考察能力: "&IFERROR(VLOOKUP(TRIM(D75)&"_"&TRIM(INDEX($E$1:$K$1, MATCH(MIN(E75:K75), E75:K75, 0))), 技能库!$A:$F, 5, 0),"建议查阅考纲")&CHAR(10)&"💡 提升建议: "&IFERROR(VLOOKUP(TRIM(D75)&"_"&TRIM(INDEX($E$1:$K$1, MATCH(MIN(E75:K75), E75:K75, 0))), 技能库!$A:$F, 6, 0),"请针对该题型加强练习")) | AB75: =IF(P75="","", "⚠️ 薄弱环节: "&INDEX($N$1:$O$1, MATCH(MIN(N75:O75), N75:O75, 0))&CHAR(10)&"📉 考察能力: "&IFERROR(VLOOKUP(TRIM(D75)&"_"&TRIM(INDEX($N$1:$O$1, MATCH(MIN(N75:O75), N75:O75, 0))), 技能库!$A:$F, 5, 0),"建议查阅考纲")&CHAR(10)&"💡 提升建议: "&IFERROR(VLOOKUP(TRIM(D75)&"_"&TRIM(INDEX($N$1:$O$1, MATCH(MIN(N75:O75), N75:O75, 0))), 技能库!$A:$F, 6, 0),"请针对该题型加强练习")) | AC75: =IF(W75="","", "⚠️ 薄弱环节: "&INDEX($R$1:$V$1, MATCH(MIN(R75:V75), R75:V75, 0))&CHAR(10)&"📉 考察能力: "&IFERROR(VLOOKUP(TRIM(D75)&"_"&TRIM(INDEX($R$1:$V$1, MATCH(MIN(R75:V75), R75:V75, 0))), 技能库!$A:$F, 5, 0),"建议查阅考纲")&CHAR(10)&"💡 提升建议: "&IFERROR(VLOOKUP(TRIM(D75)&"_"&TRIM(INDEX($R$1:$V$1, MATCH(MIN(R75:V75), R75:V75, 0))), 技能库!$A:$F, 6, 0),"请针对该题型加强练习"))
L76: =IF(COUNT(E76:K76)>0, SUM(E76:K76), "") | M76: =IF(L76="","", IFERROR(VLOOKUP(L76, IF(D76="KET", 换算标准!$M:$N, IF(D76="PET", 换算标准!$S:$T, 换算标准!$AC:$AD)), 2, TRUE), 0)) | P76: =IF(COUNT(N76:O76)>0, SUM(N76:O76), "") | Q76: =IF(P76="","", IFERROR(VLOOKUP(P76, IF(D76="KET", 换算标准!$O:$P, IF(D76="PET", 换算标准!$U:$V, 换算标准!$AG:$AH)), 2, TRUE), 0)) | W76: =IF(COUNT(R76:V76)>0, SUM(R76:V76), "") | X76: =IF(W76="","", IFERROR(VLOOKUP(W76, IF(D76="KET", 换算标准!$Q:$R, IF(D76="PET", 换算标准!$W:$X, 换算标准!$AI:$AJ)), 2, TRUE), 0)) | Y76: =IF(COUNT(M76,Q76,X76)>0, AVERAGE(M76,Q76,X76), "") | Z76: =IF(Y76="","", IFERROR(VLOOKUP(Y76, 换算标准!$Z:$AA, 1, TRUE), "")) | AA76: =IF(L76="","", "⚠️ 薄弱环节: "&INDEX($E$1:$K$1, MATCH(MIN(E76:K76), E76:K76, 0))&CHAR(10)&"📉 考察能力: "&IFERROR(VLOOKUP(TRIM(D76)&"_"&TRIM(INDEX($E$1:$K$1, MATCH(MIN(E76:K76), E76:K76, 0))), 技能库!$A:$F, 5, 0),"建议查阅考纲")&CHAR(10)&"💡 提升建议: "&IFERROR(VLOOKUP(TRIM(D76)&"_"&TRIM(INDEX($E$1:$K$1, MATCH(MIN(E76:K76), E76:K76, 0))), 技能库!$A:$F, 6, 0),"请针对该题型加强练习")) | AB76: =IF(P76="","", "⚠️ 薄弱环节: "&INDEX($N$1:$O$1, MATCH(MIN(N76:O76), N76:O76, 0))&CHAR(10)&"📉 考察能力: "&IFERROR(VLOOKUP(TRIM(D76)&"_"&TRIM(INDEX($N$1:$O$1, MATCH(MIN(N76:O76), N76:O76, 0))), 技能库!$A:$F, 5, 0),"建议查阅考纲")&CHAR(10)&"💡 提升建议: "&IFERROR(VLOOKUP(TRIM(D76)&"_"&TRIM(INDEX($N$1:$O$1, MATCH(MIN(N76:O76), N76:O76, 0))), 技能库!$A:$F, 6, 0),"请针对该题型加强练习")) | AC76: =IF(W76="","", "⚠️ 薄弱环节: "&INDEX($R$1:$V$1, MATCH(MIN(R76:V76), R76:V76, 0))&CHAR(10)&"📉 考察能力: "&IFERROR(VLOOKUP(TRIM(D76)&"_"&TRIM(INDEX($R$1:$V$1, MATCH(MIN(R76:V76), R76:V76, 0))), 技能库!$A:$F, 5, 0),"建议查阅考纲")&CHAR(10)&"💡 提升建议: "&IFERROR(VLOOKUP(TRIM(D76)&"_"&TRIM(INDEX($R$1:$V$1, MATCH(MIN(R76:V76), R76:V76, 0))), 技能库!$A:$F, 6, 0),"请针对该题型加强练习"))
L77: =IF(COUNT(E77:K77)>0, SUM(E77:K77), "") | M77: =IF(L77="","", IFERROR(VLOOKUP(L77, IF(D77="KET", 换算标准!$M:$N, IF(D77="PET", 换算标准!$S:$T, 换算标准!$AC:$AD)), 2, TRUE), 0)) | P77: =IF(COUNT(N77:O77)>0, SUM(N77:O77), "") | Q77: =IF(P77="","", IFERROR(VLOOKUP(P77, IF(D77="KET", 换算标准!$O:$P, IF(D77="PET", 换算标准!$U:$V, 换算标准!$AG:$AH)), 2, TRUE), 0)) | W77: =IF(COUNT(R77:V77)>0, SUM(R77:V77), "") | X77: =IF(W77="","", IFERROR(VLOOKUP(W77, IF(D77="KET", 换算标准!$Q:$R, IF(D77="PET", 换算标准!$W:$X, 换算标准!$AI:$AJ)), 2, TRUE), 0)) | Y77: =IF(COUNT(M77,Q77,X77)>0, AVERAGE(M77,Q77,X77), "") | Z77: =IF(Y77="","", IFERROR(VLOOKUP(Y77, 换算标准!$Z:$AA, 1, TRUE), "")) | AA77: =IF(L77="","", "⚠️ 薄弱环节: "&INDEX($E$1:$K$1, MATCH(MIN(E77:K77), E77:K77, 0))&CHAR(10)&"📉 考察能力: "&IFERROR(VLOOKUP(TRIM(D77)&"_"&TRIM(INDEX($E$1:$K$1, MATCH(MIN(E77:K77), E77:K77, 0))), 技能库!$A:$F, 5, 0),"建议查阅考纲")&CHAR(10)&"💡 提升建议: "&IFERROR(VLOOKUP(TRIM(D77)&"_"&TRIM(INDEX($E$1:$K$1, MATCH(MIN(E77:K77), E77:K77, 0))), 技能库!$A:$F, 6, 0),"请针对该题型加强练习")) | AB77: =IF(P77="","", "⚠️ 薄弱环节: "&INDEX($N$1:$O$1, MATCH(MIN(N77:O77), N77:O77, 0))&CHAR(10)&"📉 考察能力: "&IFERROR(VLOOKUP(TRIM(D77)&"_"&TRIM(INDEX($N$1:$O$1, MATCH(MIN(N77:O77), N77:O77, 0))), 技能库!$A:$F, 5, 0),"建议查阅考纲")&CHAR(10)&"💡 提升建议: "&IFERROR(VLOOKUP(TRIM(D77)&"_"&TRIM(INDEX($N$1:$O$1, MATCH(MIN(N77:O77), N77:O77, 0))), 技能库!$A:$F, 6, 0),"请针对该题型加强练习")) | AC77: =IF(W77="","", "⚠️ 薄弱环节: "&INDEX($R$1:$V$1, MATCH(MIN(R77:V77), R77:V77, 0))&CHAR(10)&"📉 考察能力: "&IFERROR(VLOOKUP(TRIM(D77)&"_"&TRIM(INDEX($R$1:$V$1, MATCH(MIN(R77:V77), R77:V77, 0))), 技能库!$A:$F, 5, 0),"建议查阅考纲")&CHAR(10)&"💡 提升建议: "&IFERROR(VLOOKUP(TRIM(D77)&"_"&TRIM(INDEX($R$1:$V$1, MATCH(MIN(R77:V77), R77:V77, 0))), 技能库!$A:$F, 6, 0),"请针对该题型加强练习"))
L78: =IF(COUNT(E78:K78)>0, SUM(E78:K78), "") | M78: =IF(L78="","", IFERROR(VLOOKUP(L78, IF(D78="KET", 换算标准!$M:$N, IF(D78="PET", 换算标准!$S:$T, 换算标准!$AC:$AD)), 2, TRUE), 0)) | P78: =IF(COUNT(N78:O78)>0, SUM(N78:O78), "") | Q78: =IF(P78="","", IFERROR(VLOOKUP(P78, IF(D78="KET", 换算标准!$O:$P, IF(D78="PET", 换算标准!$U:$V, 换算标准!$AG:$AH)), 2, TRUE), 0)) | W78: =IF(COUNT(R78:V78)>0, SUM(R78:V78), "") | X78: =IF(W78="","", IFERROR(VLOOKUP(W78, IF(D78="KET", 换算标准!$Q:$R, IF(D78="PET", 换算标准!$W:$X, 换算标准!$AI:$AJ)), 2, TRUE), 0)) | Y78: =IF(COUNT(M78,Q78,X78)>0, AVERAGE(M78,Q78,X78), "") | Z78: =IF(Y78="","", IFERROR(VLOOKUP(Y78, 换算标准!$Z:$AA, 1, TRUE), "")) | AA78: =IF(L78="","", "⚠️ 薄弱环节: "&INDEX($E$1:$K$1, MATCH(MIN(E78:K78), E78:K78, 0))&CHAR(10)&"📉 考察能力: "&IFERROR(VLOOKUP(TRIM(D78)&"_"&TRIM(INDEX($E$1:$K$1, MATCH(MIN(E78:K78), E78:K78, 0))), 技能库!$A:$F, 5, 0),"建议查阅考纲")&CHAR(10)&"💡 提升建议: "&IFERROR(VLOOKUP(TRIM(D78)&"_"&TRIM(INDEX($E$1:$K$1, MATCH(MIN(E78:K78), E78:K78, 0))), 技能库!$A:$F, 6, 0),"请针对该题型加强练习")) | AB78: =IF(P78="","", "⚠️ 薄弱环节: "&INDEX($N$1:$O$1, MATCH(MIN(N78:O78), N78:O78, 0))&CHAR(10)&"📉 考察能力: "&IFERROR(VLOOKUP(TRIM(D78)&"_"&TRIM(INDEX($N$1:$O$1, MATCH(MIN(N78:O78), N78:O78, 0))), 技能库!$A:$F, 5, 0),"建议查阅考纲")&CHAR(10)&"💡 提升建议: "&IFERROR(VLOOKUP(TRIM(D78)&"_"&TRIM(INDEX($N$1:$O$1, MATCH(MIN(N78:O78), N78:O78, 0))), 技能库!$A:$F, 6, 0),"请针对该题型加强练习")) | AC78: =IF(W78="","", "⚠️ 薄弱环节: "&INDEX($R$1:$V$1, MATCH(MIN(R78:V78), R78:V78, 0))&CHAR(10)&"📉 考察能力: "&IFERROR(VLOOKUP(TRIM(D78)&"_"&TRIM(INDEX($R$1:$V$1, MATCH(MIN(R78:V78), R78:V78, 0))), 技能库!$A:$F, 5, 0),"建议查阅考纲")&CHAR(10)&"💡 提升建议: "&IFERROR(VLOOKUP(TRIM(D78)&"_"&TRIM(INDEX($R$1:$V$1, MATCH(MIN(R78:V78), R78:V78, 0))), 技能库!$A:$F, 6, 0),"请针对该题型加强练习"))
L79: =IF(COUNT(E79:K79)>0, SUM(E79:K79), "") | M79: =IF(L79="","", IFERROR(VLOOKUP(L79, IF(D79="KET", 换算标准!$M:$N, IF(D79="PET", 换算标准!$S:$T, 换算标准!$AC:$AD)), 2, TRUE), 0)) | P79: =IF(COUNT(N79:O79)>0, SUM(N79:O79), "") | Q79: =IF(P79="","", IFERROR(VLOOKUP(P79, IF(D79="KET", 换算标准!$O:$P, IF(D79="PET", 换算标准!$U:$V, 换算标准!$AG:$AH)), 2, TRUE), 0)) | W79: =IF(COUNT(R79:V79)>0, SUM(R79:V79), "") | X79: =IF(W79="","", IFERROR(VLOOKUP(W79, IF(D79="KET", 换算标准!$Q:$R, IF(D79="PET", 换算标准!$W:$X, 换算标准!$AI:$AJ)), 2, TRUE), 0)) | Y79: =IF(COUNT(M79,Q79,X79)>0, AVERAGE(M79,Q79,X79), "") | Z79: =IF(Y79="","", IFERROR(VLOOKUP(Y79, 换算标准!$Z:$AA, 1, TRUE), "")) | AA79: =IF(L79="","", "⚠️ 薄弱环节: "&INDEX($E$1:$K$1, MATCH(MIN(E79:K79), E79:K79, 0))&CHAR(10)&"📉 考察能力: "&IFERROR(VLOOKUP(TRIM(D79)&"_"&TRIM(INDEX($E$1:$K$1, MATCH(MIN(E79:K79), E79:K79, 0))), 技能库!$A:$F, 5, 0),"建议查阅考纲")&CHAR(10)&"💡 提升建议: "&IFERROR(VLOOKUP(TRIM(D79)&"_"&TRIM(INDEX($E$1:$K$1, MATCH(MIN(E79:K79), E79:K79, 0))), 技能库!$A:$F, 6, 0),"请针对该题型加强练习")) | AB79: =IF(P79="","", "⚠️ 薄弱环节: "&INDEX($N$1:$O$1, MATCH(MIN(N79:O79), N79:O79, 0))&CHAR(10)&"📉 考察能力: "&IFERROR(VLOOKUP(TRIM(D79)&"_"&TRIM(INDEX($N$1:$O$1, MATCH(MIN(N79:O79), N79:O79, 0))), 技能库!$A:$F, 5, 0),"建议查阅考纲")&CHAR(10)&"💡 提升建议: "&IFERROR(VLOOKUP(TRIM(D79)&"_"&TRIM(INDEX($N$1:$O$1, MATCH(MIN(N79:O79), N79:O79, 0))), 技能库!$A:$F, 6, 0),"请针对该题型加强练习")) | AC79: =IF(W79="","", "⚠️ 薄弱环节: "&INDEX($R$1:$V$1, MATCH(MIN(R79:V79), R79:V79, 0))&CHAR(10)&"📉 考察能力: "&IFERROR(VLOOKUP(TRIM(D79)&"_"&TRIM(INDEX($R$1:$V$1, MATCH(MIN(R79:V79), R79:V79, 0))), 技能库!$A:$F, 5, 0),"建议查阅考纲")&CHAR(10)&"💡 提升建议: "&IFERROR(VLOOKUP(TRIM(D79)&"_"&TRIM(INDEX($R$1:$V$1, MATCH(MIN(R79:V79), R79:V79, 0))), 技能库!$A:$F, 6, 0),"请针对该题型加强练习"))
L80: =IF(COUNT(E80:K80)>0, SUM(E80:K80), "") | M80: =IF(L80="","", IFERROR(VLOOKUP(L80, IF(D80="KET", 换算标准!$M:$N, IF(D80="PET", 换算标准!$S:$T, 换算标准!$AC:$AD)), 2, TRUE), 0)) | P80: =IF(COUNT(N80:O80)>0, SUM(N80:O80), "") | Q80: =IF(P80="","", IFERROR(VLOOKUP(P80, IF(D80="KET", 换算标准!$O:$P, IF(D80="PET", 换算标准!$U:$V, 换算标准!$AG:$AH)), 2, TRUE), 0)) | W80: =IF(COUNT(R80:V80)>0, SUM(R80:V80), "") | X80: =IF(W80="","", IFERROR(VLOOKUP(W80, IF(D80="KET", 换算标准!$Q:$R, IF(D80="PET", 换算标准!$W:$X, 换算标准!$AI:$AJ)), 2, TRUE), 0)) | Y80: =IF(COUNT(M80,Q80,X80)>0, AVERAGE(M80,Q80,X80), "") | Z80: =IF(Y80="","", IFERROR(VLOOKUP(Y80, 换算标准!$Z:$AA, 1, TRUE), "")) | AA80: =IF(L80="","", "⚠️ 薄弱环节: "&INDEX($E$1:$K$1, MATCH(MIN(E80:K80), E80:K80, 0))&CHAR(10)&"📉 考察能力: "&IFERROR(VLOOKUP(TRIM(D80)&"_"&TRIM(INDEX($E$1:$K$1, MATCH(MIN(E80:K80), E80:K80, 0))), 技能库!$A:$F, 5, 0),"建议查阅考纲")&CHAR(10)&"💡 提升建议: "&IFERROR(VLOOKUP(TRIM(D80)&"_"&TRIM(INDEX($E$1:$K$1, MATCH(MIN(E80:K80), E80:K80, 0))), 技能库!$A:$F, 6, 0),"请针对该题型加强练习")) | AB80: =IF(P80="","", "⚠️ 薄弱环节: "&INDEX($N$1:$O$1, MATCH(MIN(N80:O80), N80:O80, 0))&CHAR(10)&"📉 考察能力: "&IFERROR(VLOOKUP(TRIM(D80)&"_"&TRIM(INDEX($N$1:$O$1, MATCH(MIN(N80:O80), N80:O80, 0))), 技能库!$A:$F, 5, 0),"建议查阅考纲")&CHAR(10)&"💡 提升建议: "&IFERROR(VLOOKUP(TRIM(D80)&"_"&TRIM(INDEX($N$1:$O$1, MATCH(MIN(N80:O80), N80:O80, 0))), 技能库!$A:$F, 6, 0),"请针对该题型加强练习")) | AC80: =IF(W80="","", "⚠️ 薄弱环节: "&INDEX($R$1:$V$1, MATCH(MIN(R80:V80), R80:V80, 0))&CHAR(10)&"📉 考察能力: "&IFERROR(VLOOKUP(TRIM(D80)&"_"&TRIM(INDEX($R$1:$V$1, MATCH(MIN(R80:V80), R80:V80, 0))), 技能库!$A:$F, 5, 0),"建议查阅考纲")&CHAR(10)&"💡 提升建议: "&IFERROR(VLOOKUP(TRIM(D80)&"_"&TRIM(INDEX($R$1:$V$1, MATCH(MIN(R80:V80), R80:V80, 0))), 技能库!$A:$F, 6, 0),"请针对该题型加强练习"))
L81: =IF(COUNT(E81:K81)>0, SUM(E81:K81), "") | M81: =IF(L81="","", IFERROR(VLOOKUP(L81, IF(D81="KET", 换算标准!$M:$N, IF(D81="PET", 换算标准!$S:$T, 换算标准!$AC:$AD)), 2, TRUE), 0)) | P81: =IF(COUNT(N81:O81)>0, SUM(N81:O81), "") | Q81: =IF(P81="","", IFERROR(VLOOKUP(P81, IF(D81="KET", 换算标准!$O:$P, IF(D81="PET", 换算标准!$U:$V, 换算标准!$AG:$AH)), 2, TRUE), 0)) | W81: =IF(COUNT(R81:V81)>0, SUM(R81:V81), "") | X81: =IF(W81="","", IFERROR(VLOOKUP(W81, IF(D81="KET", 换算标准!$Q:$R, IF(D81="PET", 换算标准!$W:$X, 换算标准!$AI:$AJ)), 2, TRUE), 0)) | Y81: =IF(COUNT(M81,Q81,X81)>0, AVERAGE(M81,Q81,X81), "") | Z81: =IF(Y81="","", IFERROR(VLOOKUP(Y81, 换算标准!$Z:$AA, 1, TRUE), "")) | AA81: =IF(L81="","", "⚠️ 薄弱环节: "&INDEX($E$1:$K$1, MATCH(MIN(E81:K81), E81:K81, 0))&CHAR(10)&"📉 考察能力: "&IFERROR(VLOOKUP(TRIM(D81)&"_"&TRIM(INDEX($E$1:$K$1, MATCH(MIN(E81:K81), E81:K81, 0))), 技能库!$A:$F, 5, 0),"建议查阅考纲")&CHAR(10)&"💡 提升建议: "&IFERROR(VLOOKUP(TRIM(D81)&"_"&TRIM(INDEX($E$1:$K$1, MATCH(MIN(E81:K81), E81:K81, 0))), 技能库!$A:$F, 6, 0),"请针对该题型加强练习")) | AB81: =IF(P81="","", "⚠️ 薄弱环节: "&INDEX($N$1:$O$1, MATCH(MIN(N81:O81), N81:O81, 0))&CHAR(10)&"📉 考察能力: "&IFERROR(VLOOKUP(TRIM(D81)&"_"&TRIM(INDEX($N$1:$O$1, MATCH(MIN(N81:O81), N81:O81, 0))), 技能库!$A:$F, 5, 0),"建议查阅考纲")&CHAR(10)&"💡 提升建议: "&IFERROR(VLOOKUP(TRIM(D81)&"_"&TRIM(INDEX($N$1:$O$1, MATCH(MIN(N81:O81), N81:O81, 0))), 技能库!$A:$F, 6, 0),"请针对该题型加强练习")) | AC81: =IF(W81="","", "⚠️ 薄弱环节: "&INDEX($R$1:$V$1, MATCH(MIN(R81:V81), R81:V81, 0))&CHAR(10)&"📉 考察能力: "&IFERROR(VLOOKUP(TRIM(D81)&"_"&TRIM(INDEX($R$1:$V$1, MATCH(MIN(R81:V81), R81:V81, 0))), 技能库!$A:$F, 5, 0),"建议查阅考纲")&CHAR(10)&"💡 提升建议: "&IFERROR(VLOOKUP(TRIM(D81)&"_"&TRIM(INDEX($R$1:$V$1, MATCH(MIN(R81:V81), R81:V81, 0))), 技能库!$A:$F, 6, 0),"请针对该题型加强练习"))
L82: =IF(COUNT(E82:K82)>0, SUM(E82:K82), "") | M82: =IF(L82="","", IFERROR(VLOOKUP(L82, IF(D82="KET", 换算标准!$M:$N, IF(D82="PET", 换算标准!$S:$T, 换算标准!$AC:$AD)), 2, TRUE), 0)) | P82: =IF(COUNT(N82:O82)>0, SUM(N82:O82), "") | Q82: =IF(P82="","", IFERROR(VLOOKUP(P82, IF(D82="KET", 换算标准!$O:$P, IF(D82="PET", 换算标准!$U:$V, 换算标准!$AG:$AH)), 2, TRUE), 0)) | W82: =IF(COUNT(R82:V82)>0, SUM(R82:V82), "") | X82: =IF(W82="","", IFERROR(VLOOKUP(W82, IF(D82="KET", 换算标准!$Q:$R, IF(D82="PET", 换算标准!$W:$X, 换算标准!$AI:$AJ)), 2, TRUE), 0)) | Y82: =IF(COUNT(M82,Q82,X82)>0, AVERAGE(M82,Q82,X82), "") | Z82: =IF(Y82="","", IFERROR(VLOOKUP(Y82, 换算标准!$Z:$AA, 1, TRUE), "")) | AA82: =IF(L82="","", "⚠️ 薄弱环节: "&INDEX($E$1:$K$1, MATCH(MIN(E82:K82), E82:K82, 0))&CHAR(10)&"📉 考察能力: "&IFERROR(VLOOKUP(TRIM(D82)&"_"&TRIM(INDEX($E$1:$K$1, MATCH(MIN(E82:K82), E82:K82, 0))), 技能库!$A:$F, 5, 0),"建议查阅考纲")&CHAR(10)&"💡 提升建议: "&IFERROR(VLOOKUP(TRIM(D82)&"_"&TRIM(INDEX($E$1:$K$1, MATCH(MIN(E82:K82), E82:K82, 0))), 技能库!$A:$F, 6, 0),"请针对该题型加强练习")) | AB82: =IF(P82="","", "⚠️ 薄弱环节: "&INDEX($N$1:$O$1, MATCH(MIN(N82:O82), N82:O82, 0))&CHAR(10)&"📉 考察能力: "&IFERROR(VLOOKUP(TRIM(D82)&"_"&TRIM(INDEX($N$1:$O$1, MATCH(MIN(N82:O82), N82:O82, 0))), 技能库!$A:$F, 5, 0),"建议查阅考纲")&CHAR(10)&"💡 提升建议: "&IFERROR(VLOOKUP(TRIM(D82)&"_"&TRIM(INDEX($N$1:$O$1, MATCH(MIN(N82:O82), N82:O82, 0))), 技能库!$A:$F, 6, 0),"请针对该题型加强练习")) | AC82: =IF(W82="","", "⚠️ 薄弱环节: "&INDEX($R$1:$V$1, MATCH(MIN(R82:V82), R82:V82, 0))&CHAR(10)&"📉 考察能力: "&IFERROR(VLOOKUP(TRIM(D82)&"_"&TRIM(INDEX($R$1:$V$1, MATCH(MIN(R82:V82), R82:V82, 0))), 技能库!$A:$F, 5, 0),"建议查阅考纲")&CHAR(10)&"💡 提升建议: "&IFERROR(VLOOKUP(TRIM(D82)&"_"&TRIM(INDEX($R$1:$V$1, MATCH(MIN(R82:V82), R82:V82, 0))), 技能库!$A:$F, 6, 0),"请针对该题型加强练习"))
L83: =IF(COUNT(E83:K83)>0, SUM(E83:K83), "") | M83: =IF(L83="","", IFERROR(VLOOKUP(L83, IF(D83="KET", 换算标准!$M:$N, IF(D83="PET", 换算标准!$S:$T, 换算标准!$AC:$AD)), 2, TRUE), 0)) | P83: =IF(COUNT(N83:O83)>0, SUM(N83:O83), "") | Q83: =IF(P83="","", IFERROR(VLOOKUP(P83, IF(D83="KET", 换算标准!$O:$P, IF(D83="PET", 换算标准!$U:$V, 换算标准!$AG:$AH)), 2, TRUE), 0)) | W83: =IF(COUNT(R83:V83)>0, SUM(R83:V83), "") | X83: =IF(W83="","", IFERROR(VLOOKUP(W83, IF(D83="KET", 换算标准!$Q:$R, IF(D83="PET", 换算标准!$W:$X, 换算标准!$AI:$AJ)), 2, TRUE), 0)) | Y83: =IF(COUNT(M83,Q83,X83)>0, AVERAGE(M83,Q83,X83), "") | Z83: =IF(Y83="","", IFERROR(VLOOKUP(Y83, 换算标准!$Z:$AA, 1, TRUE), "")) | AA83: =IF(L83="","", "⚠️ 薄弱环节: "&INDEX($E$1:$K$1, MATCH(MIN(E83:K83), E83:K83, 0))&CHAR(10)&"📉 考察能力: "&IFERROR(VLOOKUP(TRIM(D83)&"_"&TRIM(INDEX($E$1:$K$1, MATCH(MIN(E83:K83), E83:K83, 0))), 技能库!$A:$F, 5, 0),"建议查阅考纲")&CHAR(10)&"💡 提升建议: "&IFERROR(VLOOKUP(TRIM(D83)&"_"&TRIM(INDEX($E$1:$K$1, MATCH(MIN(E83:K83), E83:K83, 0))), 技能库!$A:$F, 6, 0),"请针对该题型加强练习")) | AB83: =IF(P83="","", "⚠️ 薄弱环节: "&INDEX($N$1:$O$1, MATCH(MIN(N83:O83), N83:O83, 0))&CHAR(10)&"📉 考察能力: "&IFERROR(VLOOKUP(TRIM(D83)&"_"&TRIM(INDEX($N$1:$O$1, MATCH(MIN(N83:O83), N83:O83, 0))), 技能库!$A:$F, 5, 0),"建议查阅考纲")&CHAR(10)&"💡 提升建议: "&IFERROR(VLOOKUP(TRIM(D83)&"_"&TRIM(INDEX($N$1:$O$1, MATCH(MIN(N83:O83), N83:O83, 0))), 技能库!$A:$F, 6, 0),"请针对该题型加强练习")) | AC83: =IF(W83="","", "⚠️ 薄弱环节: "&INDEX($R$1:$V$1, MATCH(MIN(R83:V83), R83:V83, 0))&CHAR(10)&"📉 考察能力: "&IFERROR(VLOOKUP(TRIM(D83)&"_"&TRIM(INDEX($R$1:$V$1, MATCH(MIN(R83:V83), R83:V83, 0))), 技能库!$A:$F, 5, 0),"建议查阅考纲")&CHAR(10)&"💡 提升建议: "&IFERROR(VLOOKUP(TRIM(D83)&"_"&TRIM(INDEX($R$1:$V$1, MATCH(MIN(R83:V83), R83:V83, 0))), 技能库!$A:$F, 6, 0),"请针对该题型加强练习"))
L84: =IF(COUNT(E84:K84)>0, SUM(E84:K84), "") | M84: =IF(L84="","", IFERROR(VLOOKUP(L84, IF(D84="KET", 换算标准!$M:$N, IF(D84="PET", 换算标准!$S:$T, 换算标准!$AC:$AD)), 2, TRUE), 0)) | P84: =IF(COUNT(N84:O84)>0, SUM(N84:O84), "") | Q84: =IF(P84="","", IFERROR(VLOOKUP(P84, IF(D84="KET", 换算标准!$O:$P, IF(D84="PET", 换算标准!$U:$V, 换算标准!$AG:$AH)), 2, TRUE), 0)) | W84: =IF(COUNT(R84:V84)>0, SUM(R84:V84), "") | X84: =IF(W84="","", IFERROR(VLOOKUP(W84, IF(D84="KET", 换算标准!$Q:$R, IF(D84="PET", 换算标准!$W:$X, 换算标准!$AI:$AJ)), 2, TRUE), 0)) | Y84: =IF(COUNT(M84,Q84,X84)>0, AVERAGE(M84,Q84,X84), "") | Z84: =IF(Y84="","", IFERROR(VLOOKUP(Y84, 换算标准!$Z:$AA, 1, TRUE), "")) | AA84: =IF(L84="","", "⚠️ 薄弱环节: "&INDEX($E$1:$K$1, MATCH(MIN(E84:K84), E84:K84, 0))&CHAR(10)&"📉 考察能力: "&IFERROR(VLOOKUP(TRIM(D84)&"_"&TRIM(INDEX($E$1:$K$1, MATCH(MIN(E84:K84), E84:K84, 0))), 技能库!$A:$F, 5, 0),"建议查阅考纲")&CHAR(10)&"💡 提升建议: "&IFERROR(VLOOKUP(TRIM(D84)&"_"&TRIM(INDEX($E$1:$K$1, MATCH(MIN(E84:K84), E84:K84, 0))), 技能库!$A:$F, 6, 0),"请针对该题型加强练习")) | AB84: =IF(P84="","", "⚠️ 薄弱环节: "&INDEX($N$1:$O$1, MATCH(MIN(N84:O84), N84:O84, 0))&CHAR(10)&"📉 考察能力: "&IFERROR(VLOOKUP(TRIM(D84)&"_"&TRIM(INDEX($N$1:$O$1, MATCH(MIN(N84:O84), N84:O84, 0))), 技能库!$A:$F, 5, 0),"建议查阅考纲")&CHAR(10)&"💡 提升建议: "&IFERROR(VLOOKUP(TRIM(D84)&"_"&TRIM(INDEX($N$1:$O$1, MATCH(MIN(N84:O84), N84:O84, 0))), 技能库!$A:$F, 6, 0),"请针对该题型加强练习")) | AC84: =IF(W84="","", "⚠️ 薄弱环节: "&INDEX($R$1:$V$1, MATCH(MIN(R84:V84), R84:V84, 0))&CHAR(10)&"📉 考察能力: "&IFERROR(VLOOKUP(TRIM(D84)&"_"&TRIM(INDEX($R$1:$V$1, MATCH(MIN(R84:V84), R84:V84, 0))), 技能库!$A:$F, 5, 0),"建议查阅考纲")&CHAR(10)&"💡 提升建议: "&IFERROR(VLOOKUP(TRIM(D84)&"_"&TRIM(INDEX($R$1:$V$1, MATCH(MIN(R84:V84), R84:V84, 0))), 技能库!$A:$F, 6, 0),"请针对该题型加强练习"))
L85: =IF(COUNT(E85:K85)>0, SUM(E85:K85), "") | M85: =IF(L85="","", IFERROR(VLOOKUP(L85, IF(D85="KET", 换算标准!$M:$N, IF(D85="PET", 换算标准!$S:$T, 换算标准!$AC:$AD)), 2, TRUE), 0)) | P85: =IF(COUNT(N85:O85)>0, SUM(N85:O85), "") | Q85: =IF(P85="","", IFERROR(VLOOKUP(P85, IF(D85="KET", 换算标准!$O:$P, IF(D85="PET", 换算标准!$U:$V, 换算标准!$AG:$AH)), 2, TRUE), 0)) | W85: =IF(COUNT(R85:V85)>0, SUM(R85:V85), "") | X85: =IF(W85="","", IFERROR(VLOOKUP(W85, IF(D85="KET", 换算标准!$Q:$R, IF(D85="PET", 换算标准!$W:$X, 换算标准!$AI:$AJ)), 2, TRUE), 0)) | Y85: =IF(COUNT(M85,Q85,X85)>0, AVERAGE(M85,Q85,X85), "") | Z85: =IF(Y85="","", IFERROR(VLOOKUP(Y85, 换算标准!$Z:$AA, 1, TRUE), "")) | AA85: =IF(L85="","", "⚠️ 薄弱环节: "&INDEX($E$1:$K$1, MATCH(MIN(E85:K85), E85:K85, 0))&CHAR(10)&"📉 考察能力: "&IFERROR(VLOOKUP(TRIM(D85)&"_"&TRIM(INDEX($E$1:$K$1, MATCH(MIN(E85:K85), E85:K85, 0))), 技能库!$A:$F, 5, 0),"建议查阅考纲")&CHAR(10)&"💡 提升建议: "&IFERROR(VLOOKUP(TRIM(D85)&"_"&TRIM(INDEX($E$1:$K$1, MATCH(MIN(E85:K85), E85:K85, 0))), 技能库!$A:$F, 6, 0),"请针对该题型加强练习")) | AB85: =IF(P85="","", "⚠️ 薄弱环节: "&INDEX($N$1:$O$1, MATCH(MIN(N85:O85), N85:O85, 0))&CHAR(10)&"📉 考察能力: "&IFERROR(VLOOKUP(TRIM(D85)&"_"&TRIM(INDEX($N$1:$O$1, MATCH(MIN(N85:O85), N85:O85, 0))), 技能库!$A:$F, 5, 0),"建议查阅考纲")&CHAR(10)&"💡 提升建议: "&IFERROR(VLOOKUP(TRIM(D85)&"_"&TRIM(INDEX($N$1:$O$1, MATCH(MIN(N85:O85), N85:O85, 0))), 技能库!$A:$F, 6, 0),"请针对该题型加强练习")) | AC85: =IF(W85="","", "⚠️ 薄弱环节: "&INDEX($R$1:$V$1, MATCH(MIN(R85:V85), R85:V85, 0))&CHAR(10)&"📉 考察能力: "&IFERROR(VLOOKUP(TRIM(D85)&"_"&TRIM(INDEX($R$1:$V$1, MATCH(MIN(R85:V85), R85:V85, 0))), 技能库!$A:$F, 5, 0),"建议查阅考纲")&CHAR(10)&"💡 提升建议: "&IFERROR(VLOOKUP(TRIM(D85)&"_"&TRIM(INDEX($R$1:$V$1, MATCH(MIN(R85:V85), R85:V85, 0))), 技能库!$A:$F, 6, 0),"请针对该题型加强练习"))
L86: =IF(COUNT(E86:K86)>0, SUM(E86:K86), "") | M86: =IF(L86="","", IFERROR(VLOOKUP(L86, IF(D86="KET", 换算标准!$M:$N, IF(D86="PET", 换算标准!$S:$T, 换算标准!$AC:$AD)), 2, TRUE), 0)) | P86: =IF(COUNT(N86:O86)>0, SUM(N86:O86), "") | Q86: =IF(P86="","", IFERROR(VLOOKUP(P86, IF(D86="KET", 换算标准!$O:$P, IF(D86="PET", 换算标准!$U:$V, 换算标准!$AG:$AH)), 2, TRUE), 0)) | W86: =IF(COUNT(R86:V86)>0, SUM(R86:V86), "") | X86: =IF(W86="","", IFERROR(VLOOKUP(W86, IF(D86="KET", 换算标准!$Q:$R, IF(D86="PET", 换算标准!$W:$X, 换算标准!$AI:$AJ)), 2, TRUE), 0)) | Y86: =IF(COUNT(M86,Q86,X86)>0, AVERAGE(M86,Q86,X86), "") | Z86: =IF(Y86="","", IFERROR(VLOOKUP(Y86, 换算标准!$Z:$AA, 1, TRUE), "")) | AA86: =IF(L86="","", "⚠️ 薄弱环节: "&INDEX($E$1:$K$1, MATCH(MIN(E86:K86), E86:K86, 0))&CHAR(10)&"📉 考察能力: "&IFERROR(VLOOKUP(TRIM(D86)&"_"&TRIM(INDEX($E$1:$K$1, MATCH(MIN(E86:K86), E86:K86, 0))), 技能库!$A:$F, 5, 0),"建议查阅考纲")&CHAR(10)&"💡 提升建议: "&IFERROR(VLOOKUP(TRIM(D86)&"_"&TRIM(INDEX($E$1:$K$1, MATCH(MIN(E86:K86), E86:K86, 0))), 技能库!$A:$F, 6, 0),"请针对该题型加强练习")) | AB86: =IF(P86="","", "⚠️ 薄弱环节: "&INDEX($N$1:$O$1, MATCH(MIN(N86:O86), N86:O86, 0))&CHAR(10)&"📉 考察能力: "&IFERROR(VLOOKUP(TRIM(D86)&"_"&TRIM(INDEX($N$1:$O$1, MATCH(MIN(N86:O86), N86:O86, 0))), 技能库!$A:$F, 5, 0),"建议查阅考纲")&CHAR(10)&"💡 提升建议: "&IFERROR(VLOOKUP(TRIM(D86)&"_"&TRIM(INDEX($N$1:$O$1, MATCH(MIN(N86:O86), N86:O86, 0))), 技能库!$A:$F, 6, 0),"请针对该题型加强练习")) | AC86: =IF(W86="","", "⚠️ 薄弱环节: "&INDEX($R$1:$V$1, MATCH(MIN(R86:V86), R86:V86, 0))&CHAR(10)&"📉 考察能力: "&IFERROR(VLOOKUP(TRIM(D86)&"_"&TRIM(INDEX($R$1:$V$1, MATCH(MIN(R86:V86), R86:V86, 0))), 技能库!$A:$F, 5, 0),"建议查阅考纲")&CHAR(10)&"💡 提升建议: "&IFERROR(VLOOKUP(TRIM(D86)&"_"&TRIM(INDEX($R$1:$V$1, MATCH(MIN(R86:V86), R86:V86, 0))), 技能库!$A:$F, 6, 0),"请针对该题型加强练习"))
... L1000: =IF(COUNT(E1000:K1000)>0, SUM(E1000:K1000), "") | M1000: =IF(L1000="","", IFERROR(VLOOKUP(L1000, IF(D1000="KET", 换算标准!$M:$N, IF(D1000="PET", 换算标准!$S:$T, 换算标准!$AC:$AD)), 2, TRUE), 0)) | P1000: =IF(COUNT(N1000:O1000)>0, SUM(N1000:O1000), "") | Q1000: =IF(P1000="","", IFERROR(VLOOKUP(P1000, IF(D1000="KET", 换算标准!$O:$P, IF(D1000="PET", 换算标准!$U:$V, 换算标准!$AG:$AH)), 2, TRUE), 0)) | W1000: =IF(COUNT(R1000:V1000)>0, SUM(R1000:V1000), "") | X1000: =IF(W1000="","", IFERROR(VLOOKUP(W1000, IF(D1000="KET", 换算标准!$Q:$R, IF(D1000="PET", 换算标准!$W:$X, 换算标准!$AI:$AJ)), 2, TRUE), 0)) | Y1000: =IF(COUNT(M1000,Q1000,X1000)>0, AVERAGE(M1000,Q1000,X1000), "") | Z1000: =IF(Y1000="","", IFERROR(VLOOKUP(Y1000, 换算标准!$Z:$AA, 1, TRUE), "")) | AA1000: =IF(L1000="","", "⚠️ 薄弱环节: "&INDEX($E$1:$K$1, MATCH(MIN(E1000:K1000), E1000:K1000, 0))&CHAR(10)&"📉 考察能力: "&IFERROR(VLOOKUP(TRIM(D1000)&"_"&TRIM(INDEX($E$1:$K$1, MATCH(MIN(E1000:K1000), E1000:K1000, 0))), 技能库!$A:$F, 5, 0),"建议查阅考纲")&CHAR(10)&"💡 提升建议: "&IFERROR(VLOOKUP(TRIM(D1000)&"_"&TRIM(INDEX($E$1:$K$1, MATCH(MIN(E1000:K1000), E1000:K1000, 0))), 技能库!$A:$F, 6, 0),"请针对该题型加强练习")) | AB1000: =IF(P1000="","", "⚠️ 薄弱环节: "&INDEX($N$1:$O$1, MATCH(MIN(N1000:O1000), N1000:O1000, 0))&CHAR(10)&"📉 考察能力: "&IFERROR(VLOOKUP(TRIM(D1000)&"_"&TRIM(INDEX($N$1:$O$1, MATCH(MIN(N1000:O1000), N1000:O1000, 0))), 技能库!$A:$F, 5, 0),"建议查阅考纲")&CHAR(10)&"💡 提升建议: "&IFERROR(VLOOKUP(TRIM(D1000)&"_"&TRIM(INDEX($N$1:$O$1, MATCH(MIN(N1000:O1000), N1000:O1000, 0))), 技能库!$A:$F, 6, 0),"请针对该题型加强练习")) | AC1000: =IF(W1000="","", "⚠️ 薄弱环节: "&INDEX($R$1:$V$1, MATCH(MIN(R1000:V1000), R1000:V1000, 0))&CHAR(10)&"📉 考察能力: "&IFERROR(VLOOKUP(TRIM(D1000)&"_"&TRIM(INDEX($R$1:$V$1, MATCH(MIN(R1000:V1000), R1000:V1000, 0))), 技能库!$A:$F, 5, 0),"建议查阅考纲")&CHAR(10)&"💡 提升建议: "&IFERROR(VLOOKUP(TRIM(D1000)&"_"&TRIM(INDEX($R$1:$V$1, MATCH(MIN(R1000:V1000), R1000:V1000, 0))), 技能库!$A:$F, 6, 0),"请针对该题型加强练习"))
L1001: =IF(COUNT(E1001:K1001)>0, SUM(E1001:K1001), "") | M1001: =IF(L1001="","", IFERROR(VLOOKUP(L1001, IF(D1001="KET", 换算标准!$M:$N, IF(D1001="PET", 换算标准!$S:$T, 换算标准!$AC:$AD)), 2, TRUE), 0)) | N1001: 0 | O1001: 0 | P1001: =IF(COUNT(N1001:O1001)>0, SUM(N1001:O1001), "") -> 0 | W1001: =IF(COUNT(R1001:V1001)>0, SUM(R1001:V1001), "") | X1001: =IF(W1001="","", IFERROR(VLOOKUP(W1001, IF(D1001="KET", 换算标准!$Q:$R, IF(D1001="PET", 换算标准!$W:$X, 换算标准!$AI:$AJ)), 2, TRUE), 0)) | Y1001: =IF(COUNT(M1001,Q1001,X1001)>0, AVERAGE(M1001,Q1001,X1001), "") | AA1001: =IF(L1001="","", "⚠️ 薄弱环节: "&INDEX($E$1:$K$1, MATCH(MIN(E1001:K1001), E1001:K1001, 0))&CHAR(10)&"📉 考察能力: "&IFERROR(VLOOKUP(TRIM(D1001)&"_"&TRIM(INDEX($E$1:$K$1, MATCH(MIN(E1001:K1001), E1001:K1001, 0))), 技能库!$A:$F, 5, 0),"建议查阅考纲")&CHAR(10)&"💡 提升建议: "&IFERROR(VLOOKUP(TRIM(D1001)&"_"&TRIM(INDEX($E$1:$K$1, MATCH(MIN(E1001:K1001), E1001:K1001, 0))), 技能库!$A:$F, 6, 0),"请针对该题型加强练习")) | AB1001: =IF(P1001="","", "⚠️ 薄弱环节: "&INDEX($N$1:$O$1, MATCH(MIN(N1001:O1001), N1001:O1001, 0))&CHAR(10)&"📉 考察能力: "&IFERROR(VLOOKUP(TRIM(D1001)&"_"&TRIM(INDEX($N$1:$O$1, MATCH(MIN(N1001:O1001), N1001:O1001, 0))), 技能库!$A:$F, 5, 0),"建议查阅考纲")&CHAR(10)&"💡 提升建议: "&IFERROR(VLOOKUP(TRIM(D1001)&"_"&TRIM(INDEX($N$1:$O$1, MATCH(MIN(N1001:O1001), N1001:O1001, 0))), 技能库!$A:$F, 6, 0),"请针对该题型加强练习")) -> ⚠️ 薄弱环节: W-Pt1 📉 考察能力: 建议查阅考纲 💡 提升建议: 请针对该题型加强练习 | AC1001: =IF(W1001="","", "⚠️ 薄弱环节: "&INDEX($R$1:$V$1, MATCH(MIN(R1001:V1001), R1001:V1001, 0))&CHAR(10)&"📉 考察能力: "&IFERROR(VLOOKUP(TRIM(D1001)&"_"&TRIM(INDEX($R$1:$V$1, MATCH(MIN(R1001:V1001), R1001:V1001, 0))), 技能库!$A:$F, 5, 0),"建议查阅考纲")&CHAR(10)&"💡 提升建议: "&IFERROR(VLOOKUP(TRIM(D1001)&"_"&TRIM(INDEX($R$1:$V$1, MATCH(MIN(R1001:V1001), R1001:V1001, 0))), 技能库!$A:$F, 6, 0),"请针对该题型加强练习"))
L1003: =IF(COUNT(E1003:K1003)>0, SUM(E1003:K1003), "") | M1003: =IF(L1003="","", IFERROR(VLOOKUP(L1003, IF(D1003="KET", 换算标准!$M:$N, IF(D1003="PET", 换算标准!$S:$T, 换算标准!$AC:$AD)), 2, TRUE), 0)) | Q1003: =IF(P1003="","", IFERROR(VLOOKUP(P1003, IF(D1003="KET", 换算标准!$O:$P, IF(D1003="PET", 换算标准!$U:$V, 换算标准!$AG:$AH)), 2, TRUE), 0)) | W1003: =IF(COUNT(R1003:V1003)>0, SUM(R1003:V1003), "") | X1003: =IF(W1003="","", IFERROR(VLOOKUP(W1003, IF(D1003="KET", 换算标准!$Q:$R, IF(D1003="PET", 换算标准!$W:$X, 换算标准!$AI:$AJ)), 2, TRUE), 0)) | Y1003: =IF(COUNT(M1003,Q1003,X1003)>0, AVERAGE(M1003,Q1003,X1003), "") | AA1003: =IF(L1003="","", "⚠️ 薄弱环节: "&INDEX($E$1:$K$1, MATCH(MIN(E1003:K1003), E1003:K1003, 0))&CHAR(10)&"📉 考察能力: "&IFERROR(VLOOKUP(TRIM(D1003)&"_"&TRIM(INDEX($E$1:$K$1, MATCH(MIN(E1003:K1003), E1003:K1003, 0))), 技能库!$A:$F, 5, 0),"建议查阅考纲")&CHAR(10)&"💡 提升建议: "&IFERROR(VLOOKUP(TRIM(D1003)&"_"&TRIM(INDEX($E$1:$K$1, MATCH(MIN(E1003:K1003), E1003:K1003, 0))), 技能库!$A:$F, 6, 0),"请针对该题型加强练习")) | AB1003: =IF(P1003="","", "⚠️ 薄弱环节: "&INDEX($N$1:$O$1, MATCH(MIN(N1003:O1003), N1003:O1003, 0))&CHAR(10)&"📉 考察能力: "&IFERROR(VLOOKUP(TRIM(D1003)&"_"&TRIM(INDEX($N$1:$O$1, MATCH(MIN(N1003:O1003), N1003:O1003, 0))), 技能库!$A:$F, 5, 0),"建议查阅考纲")&CHAR(10)&"💡 提升建议: "&IFERROR(VLOOKUP(TRIM(D1003)&"_"&TRIM(INDEX($N$1:$O$1, MATCH(MIN(N1003:O1003), N1003:O1003, 0))), 技能库!$A:$F, 6, 0),"请针对该题型加强练习")) | AC1003: =IF(W1003="","", "⚠️ 薄弱环节: "&INDEX($R$1:$V$1, MATCH(MIN(R1003:V1003), R1003:V1003, 0))&CHAR(10)&"📉 考察能力: "&IFERROR(VLOOKUP(TRIM(D1003)&"_"&TRIM(INDEX($R$1:$V$1, MATCH(MIN(R1003:V1003), R1003:V1003, 0))), 技能库!$A:$F, 5, 0),"建议查阅考纲")&CHAR(10)&"💡 提升建议: "&IFERROR(VLOOKUP(TRIM(D1003)&"_"&TRIM(INDEX($R$1:$V$1, MATCH(MIN(R1003:V1003), R1003:V1003, 0))), 技能库!$A:$F, 6, 0),"请针对该题型加强练习"))
L1004: =IF(COUNT(E1004:K1004)>0, SUM(E1004:K1004), "") | M1004: =IF(L1004="","", IFERROR(VLOOKUP(L1004, IF(D1004="KET", 换算标准!$M:$N, IF(D1004="PET", 换算标准!$S:$T, 换算标准!$AC:$AD)), 2, TRUE), 0)) | Q1004: =IF(P1004="","", IFERROR(VLOOKUP(P1004, IF(D1004="KET", 换算标准!$O:$P, IF(D1004="PET", 换算标准!$U:$V, 换算标准!$AG:$AH)), 2, TRUE), 0)) | W1004: =IF(COUNT(R1004:V1004)>0, SUM(R1004:V1004), "") | X1004: =IF(W1004="","", IFERROR(VLOOKUP(W1004, IF(D1004="KET", 换算标准!$Q:$R, IF(D1004="PET", 换算标准!$W:$X, 换算标准!$AI:$AJ)), 2, TRUE), 0)) | Y1004: =IF(COUNT(M1004,Q1004,X1004)>0, AVERAGE(M1004,Q1004,X1004), "") | AA1004: =IF(L1004="","", "⚠️ 薄弱环节: "&INDEX($E$1:$K$1, MATCH(MIN(E1004:K1004), E1004:K1004, 0))&CHAR(10)&"📉 考察能力: "&IFERROR(VLOOKUP(TRIM(D1004)&"_"&TRIM(INDEX($E$1:$K$1, MATCH(MIN(E1004:K1004), E1004:K1004, 0))), 技能库!$A:$F, 5, 0),"建议查阅考纲")&CHAR(10)&"💡 提升建议: "&IFERROR(VLOOKUP(TRIM(D1004)&"_"&TRIM(INDEX($E$1:$K$1, MATCH(MIN(E1004:K1004), E1004:K1004, 0))), 技能库!$A:$F, 6, 0),"请针对该题型加强练习")) | AB1004: =IF(P1004="","", "⚠️ 薄弱环节: "&INDEX($N$1:$O$1, MATCH(MIN(N1004:O1004), N1004:O1004, 0))&CHAR(10)&"📉 考察能力: "&IFERROR(VLOOKUP(TRIM(D1004)&"_"&TRIM(INDEX($N$1:$O$1, MATCH(MIN(N1004:O1004), N1004:O1004, 0))), 技能库!$A:$F, 5, 0),"建议查阅考纲")&CHAR(10)&"💡 提升建议: "&IFERROR(VLOOKUP(TRIM(D1004)&"_"&TRIM(INDEX($N$1:$O$1, MATCH(MIN(N1004:O1004), N1004:O1004, 0))), 技能库!$A:$F, 6, 0),"请针对该题型加强练习")) | AC1004: =IF(W1004="","", "⚠️ 薄弱环节: "&INDEX($R$1:$V$1, MATCH(MIN(R1004:V1004), R1004:V1004, 0))&CHAR(10)&"📉 考察能力: "&IFERROR(VLOOKUP(TRIM(D1004)&"_"&TRIM(INDEX($R$1:$V$1, MATCH(MIN(R1004:V1004), R1004:V1004, 0))), 技能库!$A:$F, 5, 0),"建议查阅考纲")&CHAR(10)&"💡 提升建议: "&IFERROR(VLOOKUP(TRIM(D1004)&"_"&TRIM(INDEX($R$1:$V$1, MATCH(MIN(R1004:V1004), R1004:V1004, 0))), 技能库!$A:$F, 6, 0),"请针对该题型加强练习"))
A1005: 305 | B1005: A1 | C1005: 吴皓轩 Jeffrey Wu | D1005: PET | E1005: 4 | F1005: 1 | I1005: 2 | J1005: 3 | L1005: =IF(COUNT(E1005:K1005)>0, SUM(E1005:K1005), "") -> 10 | M1005: =IF(L1005="","", IFERROR(VLOOKUP(L1005, IF(D1005="KET", 换算标准!$M:$N, IF(D1005="PET", 换算标准!$S:$T, 换算标准!$AC:$AD)), 2, TRUE), 0)) -> 0 | N1005: 0 | O1005: 0 | P1005: =IF(COUNT(N1005:O1005)>0, SUM(N1005:O1005), "") -> 0 | Q1005: =IF(P1005="","", IFERROR(VLOOKUP(P1005, IF(D1005="KET", 换算标准!$O:$P, IF(D1005="PET", 换算标准!$U:$V, 换算标准!$AG:$AH)), 2, TRUE), 0)) -> 0 | R1005: 4 | S1005: 2 | T1005: 1 | U1005: 3 | W1005: =IF(COUNT(R1005:V1005)>0, SUM(R1005:V1005), "") -> 10 | X1005: =IF(W1005="","", IFERROR(VLOOKUP(W1005, IF(D1005="KET", 换算标准!$Q:$R, IF(D1005="PET", 换算标准!$W:$X, 换算标准!$AI:$AJ)), 2, TRUE), 0)) -> 0 | Y1005: =IF(COUNT(M1005,Q1005,X1005)>0, AVERAGE(M1005,Q1005,X1005), "") -> 0 | AA1005: =IF(L1005="","", "⚠️ 薄弱环节: "&INDEX($E$1:$K$1, MATCH(MIN(E1005:K1005), E1005:K1005, 0))&CHAR(10)&"📉 考察能力: "&IFERROR(VLOOKUP(TRIM(D1005)&"_"&TRIM(INDEX($E$1:$K$1, MATCH(MIN(E1005:K1005), E1005:K1005, 0))), 技能库!$A:$F, 5, 0),"建议查阅考纲")&CHAR(10)&"💡 提升建议: "&IFERROR(VLOOKUP(TRIM(D1005)&"_"&TRIM(INDEX($E$1:$K$1, MATCH(MIN(E1005:K1005), E1005:K1005, 0))), 技能库!$A:$F, 6, 0),"请针对该题型加强练习")) -> ⚠️ 薄弱环节: R-Pt2 📉 考察能力: [阅读] 人物与描述匹配 💡 提升建议: 阅读量大，练习划关键词，寻找完全匹配项。 | AB1005: =IF(P1005="","", "⚠️ 薄弱环节: "&INDEX($N$1:$O$1, MATCH(MIN(N1005:O1005), N1005:O1005, 0))&CHAR(10)&"📉 考察能力: "&IFERROR(VLOOKUP(TRIM(D1005)&"_"&TRIM(INDEX($N$1:$O$1, MATCH(MIN(N1005:O1005), N1005:O1005, 0))), 技能库!$A:$F, 5, 0),"建议查阅考纲")&CHAR(10)&"💡 提升建议: "&IFERROR(VLOOKUP(TRIM(D1005)&"_"&TRIM(INDEX($N$1:$O$1, MATCH(MIN(N1005:O1005), N1005:O1005, 0))), 技能库!$A:$F, 6, 0),"请针对该题型加强练习")) -> ⚠️ 薄弱环节: W-Pt1 📉 考察能力: [写作] 邮件回复 (100词) 💡 提升建议: 必须回应4个要点，注意语气的得体和内容的扩展。 | AC1005: =IF(W1005="","", "⚠️ 薄弱环节: "&INDEX($R$1:$V$1, MATCH(MIN(R1005:V1005), R1005:V1005, 0))&CHAR(10)&"📉 考察能力: "&IFERROR(VLOOKUP(TRIM(D1005)&"_"&TRIM(INDEX($R$1:$V$1, MATCH(MIN(R1005:V1005), R1005:V1005, 0))), 技能库!$A:$F, 5, 0),"建议查阅考纲")&CHAR(10)&"💡 提升建议: "&IFERROR(VLOOKUP(TRIM(D1005)&"_"&TRIM(INDEX($R$1:$V$1, MATCH(MIN(R1005:V1005), R1005:V1005, 0))), 技能库!$A:$F, 6, 0),"请针对该题型加强练习")) -> ⚠️ 薄弱环节: L-Pt3 📉 考察能力: [听力] 填空 (长独白) 💡 提升建议: 听懂说明性文字，捕捉并准确拼写关键名词或数字。 | AD1005: 46126
A1006: 301 | B1006: A1 | C1006: 应颜妍 Queen Ying | D1006: PET | E1006: 3 | F1006: 2 | G1006: 2 | L1006: =IF(COUNT(E1006:K1006)>0, SUM(E1006:K1006), "") -> 7 | M1006: =IF(L1006="","", IFERROR(VLOOKUP(L1006, IF(D1006="KET", 换算标准!$M:$N, IF(D1006="PET", 换算标准!$S:$T, 换算标准!$AC:$AD)), 2, TRUE), 0)) -> 0 | N1006: 0 | O1006: 0 | P1006: =IF(COUNT(N1006:O1006)>0, SUM(N1006:O1006), "") -> 0 | Q1006: =IF(P1006="","", IFERROR(VLOOKUP(P1006, IF(D1006="KET", 换算标准!$O:$P, IF(D1006="PET", 换算标准!$U:$V, 换算标准!$AG:$AH)), 2, TRUE), 0)) -> 0 | R1006: 7 | S1006: 5 | T1006: 3 | U1006: 6 | W1006: =IF(COUNT(R1006:V1006)>0, SUM(R1006:V1006), "") -> 21 | X1006: =IF(W1006="","", IFERROR(VLOOKUP(W1006, IF(D1006="KET", 换算标准!$Q:$R, IF(D1006="PET", 换算标准!$W:$X, 换算标准!$AI:$AJ)), 2, TRUE), 0)) -> 152 | Y1006: =IF(COUNT(M1006,Q1006,X1006)>0, AVERAGE(M1006,Q1006,X1006), "") -> 50.666667 | AA1006: =IF(L1006="","", "⚠️ 薄弱环节: "&INDEX($E$1:$K$1, MATCH(MIN(E1006:K1006), E1006:K1006, 0))&CHAR(10)&"📉 考察能力: "&IFERROR(VLOOKUP(TRIM(D1006)&"_"&TRIM(INDEX($E$1:$K$1, MATCH(MIN(E1006:K1006), E1006:K1006, 0))), 技能库!$A:$F, 5, 0),"建议查阅考纲")&CHAR(10)&"💡 提升建议: "&IFERROR(VLOOKUP(TRIM(D1006)&"_"&TRIM(INDEX($E$1:$K$1, MATCH(MIN(E1006:K1006), E1006:K1006, 0))), 技能库!$A:$F, 6, 0),"请针对该题型加强练习")) -> ⚠️ 薄弱环节: R-Pt2 📉 考察能力: [阅读] 人物与描述匹配 💡 提升建议: 阅读量大，练习划关键词，寻找完全匹配项。 | AB1006: =IF(P1006="","", "⚠️ 薄弱环节: "&INDEX($N$1:$O$1, MATCH(MIN(N1006:O1006), N1006:O1006, 0))&CHAR(10)&"📉 考察能力: "&IFERROR(VLOOKUP(TRIM(D1006)&"_"&TRIM(INDEX($N$1:$O$1, MATCH(MIN(N1006:O1006), N1006:O1006, 0))), 技能库!$A:$F, 5, 0),"建议查阅考纲")&CHAR(10)&"💡 提升建议: "&IFERROR(VLOOKUP(TRIM(D1006)&"_"&TRIM(INDEX($N$1:$O$1, MATCH(MIN(N1006:O1006), N1006:O1006, 0))), 技能库!$A:$F, 6, 0),"请针对该题型加强练习")) -> ⚠️ 薄弱环节: W-Pt1 📉 考察能力: [写作] 邮件回复 (100词) 💡 提升建议: 必须回应4个要点，注意语气的得体和内容的扩展。 | AC1006: =IF(W1006="","", "⚠️ 薄弱环节: "&INDEX($R$1:$V$1, MATCH(MIN(R1006:V1006), R1006:V1006, 0))&CHAR(10)&"📉 考察能力: "&IFERROR(VLOOKUP(TRIM(D1006)&"_"&TRIM(INDEX($R$1:$V$1, MATCH(MIN(R1006:V1006), R1006:V1006, 0))), 技能库!$A:$F, 5, 0),"建议查阅考纲")&CHAR(10)&"💡 提升建议: "&IFERROR(VLOOKUP(TRIM(D1006)&"_"&TRIM(INDEX($R$1:$V$1, MATCH(MIN(R1006:V1006), R1006:V1006, 0))), 技能库!$A:$F, 6, 0),"请针对该题型加强练习")) -> ⚠️ 薄弱环节: L-Pt3 📉 考察能力: [听力] 填空 (长独白) 💡 提升建议: 听懂说明性文字，捕捉并准确拼写关键名词或数字。 | AD1006: 46126
A1007: 303 | B1007: A1 | C1007: 王翊名 Mia Wang | D1007: PET | E1007: 2 | F1007: 1 | G1007: 1 | H1007: 0 | L1007: =IF(COUNT(E1007:K1007)>0, SUM(E1007:K1007), "") -> 4 | M1007: =IF(L1007="","", IFERROR(VLOOKUP(L1007, IF(D1007="KET", 换算标准!$M:$N, IF(D1007="PET", 换算标准!$S:$T, 换算标准!$AC:$AD)), 2, TRUE), 0)) -> 0 | N1007: 0 | O1007: 0 | P1007: =IF(COUNT(N1007:O1007)>0, SUM(N1007:O1007), "") -> 0 | Q1007: =IF(P1007="","", IFERROR(VLOOKUP(P1007, IF(D1007="KET", 换算标准!$O:$P, IF(D1007="PET", 换算标准!$U:$V, 换算标准!$AG:$AH)), 2, TRUE), 0)) -> 0 | R1007: 5 | S1007: 4 | T1007: 3 | U1007: 3 | W1007: =IF(COUNT(R1007:V1007)>0, SUM(R1007:V1007), "") -> 15 | X1007: =IF(W1007="","", IFERROR(VLOOKUP(W1007, IF(D1007="KET", 换算标准!$Q:$R, IF(D1007="PET", 换算标准!$W:$X, 换算标准!$AI:$AJ)), 2, TRUE), 0)) -> 131 | Y1007: =IF(COUNT(M1007,Q1007,X1007)>0, AVERAGE(M1007,Q1007,X1007), "") -> 43.666667 | AA1007: =IF(L1007="","", "⚠️ 薄弱环节: "&INDEX($E$1:$K$1, MATCH(MIN(E1007:K1007), E1007:K1007, 0))&CHAR(10)&"📉 考察能力: "&IFERROR(VLOOKUP(TRIM(D1007)&"_"&TRIM(INDEX($E$1:$K$1, MATCH(MIN(E1007:K1007), E1007:K1007, 0))), 技能库!$A:$F, 5, 0),"建议查阅考纲")&CHAR(10)&"💡 提升建议: "&IFERROR(VLOOKUP(TRIM(D1007)&"_"&TRIM(INDEX($E$1:$K$1, MATCH(MIN(E1007:K1007), E1007:K1007, 0))), 技能库!$A:$F, 6, 0),"请针对该题型加强练习")) -> ⚠️ 薄弱环节: R-Pt4 📉 考察能力: [阅读] 句子还原 (填空) 💡 提升建议: 逻辑性极强，需关注代词指代和上下文逻辑连接词。 | AB1007: =IF(P1007="","", "⚠️ 薄弱环节: "&INDEX($N$1:$O$1, MATCH(MIN(N1007:O1007), N1007:O1007, 0))&CHAR(10)&"📉 考察能力: "&IFERROR(VLOOKUP(TRIM(D1007)&"_"&TRIM(INDEX($N$1:$O$1, MATCH(MIN(N1007:O1007), N1007:O1007, 0))), 技能库!$A:$F, 5, 0),"建议查阅考纲")&CHAR(10)&"💡 提升建议: "&IFERROR(VLOOKUP(TRIM(D1007)&"_"&TRIM(INDEX($N$1:$O$1, MATCH(MIN(N1007:O1007), N1007:O1007, 0))), 技能库!$A:$F, 6, 0),"请针对该题型加强练习")) -> ⚠️ 薄弱环节: W-Pt1 📉 考察能力: [写作] 邮件回复 (100词) 💡 提升建议: 必须回应4个要点，注意语气的得体和内容的扩展。 | AC1007: =IF(W1007="","", "⚠️ 薄弱环节: "&INDEX($R$1:$V$1, MATCH(MIN(R1007:V1007), R1007:V1007, 0))&CHAR(10)&"📉 考察能力: "&IFERROR(VLOOKUP(TRIM(D1007)&"_"&TRIM(INDEX($R$1:$V$1, MATCH(MIN(R1007:V1007), R1007:V1007, 0))), 技能库!$A:$F, 5, 0),"建议查阅考纲")&CHAR(10)&"💡 提升建议: "&IFERROR(VLOOKUP(TRIM(D1007)&"_"&TRIM(INDEX($R$1:$V$1, MATCH(MIN(R1007:V1007), R1007:V1007, 0))), 技能库!$A:$F, 6, 0),"请针对该题型加强练习")) -> ⚠️ 薄弱环节: L-Pt3 📉 考察能力: [听力] 填空 (长独白) 💡 提升建议: 听懂说明性文字，捕捉并准确拼写关键名词或数字。 | AD1007: 46126
A1008: 303 | B1008: A1 | C1008: 石蕴瑶 Yaoyao Shi | D1008: PET | E1008: 5 | F1008: 4 | G1008: 2 | H1008: 0 | I1008: 6 | J1008: 5 | L1008: =IF(COUNT(E1008:K1008)>0, SUM(E1008:K1008), "") -> 22 | M1008: =IF(L1008="","", IFERROR(VLOOKUP(L1008, IF(D1008="KET", 换算标准!$M:$N, IF(D1008="PET", 换算标准!$S:$T, 换算标准!$AC:$AD)), 2, TRUE), 0)) -> 138 | N1008: 0 | O1008: 0 | P1008: =IF(COUNT(N1008:O1008)>0, SUM(N1008:O1008), "") -> 0 | Q1008: =IF(P1008="","", IFERROR(VLOOKUP(P1008, IF(D1008="KET", 换算标准!$O:$P, IF(D1008="PET", 换算标准!$U:$V, 换算标准!$AG:$AH)), 2, TRUE), 0)) -> 0 | R1008: 5 | S1008: 5 | T1008: 6 | U1008: 6 | W1008: =IF(COUNT(R1008:V1008)>0, SUM(R1008:V1008), "") -> 22 | X1008: =IF(W1008="","", IFERROR(VLOOKUP(W1008, IF(D1008="KET", 换算标准!$Q:$R, IF(D1008="PET", 换算标准!$W:$X, 换算标准!$AI:$AJ)), 2, TRUE), 0)) -> 156 | Y1008: =IF(COUNT(M1008,Q1008,X1008)>0, AVERAGE(M1008,Q1008,X1008), "") -> 98 | AA1008: =IF(L1008="","", "⚠️ 薄弱环节: "&INDEX($E$1:$K$1, MATCH(MIN(E1008:K1008), E1008:K1008, 0))&CHAR(10)&"📉 考察能力: "&IFERROR(VLOOKUP(TRIM(D1008)&"_"&TRIM(INDEX($E$1:$K$1, MATCH(MIN(E1008:K1008), E1008:K1008, 0))), 技能库!$A:$F, 5, 0),"建议查阅考纲")&CHAR(10)&"💡 提升建议: "&IFERROR(VLOOKUP(TRIM(D1008)&"_"&TRIM(INDEX($E$1:$K$1, MATCH(MIN(E1008:K1008), E1008:K1008, 0))), 技能库!$A:$F, 6, 0),"请针对该题型加强练习")) -> ⚠️ 薄弱环节: R-Pt4 📉 考察能力: [阅读] 句子还原 (填空) 💡 提升建议: 逻辑性极强，需关注代词指代和上下文逻辑连接词。 | AB1008: =IF(P1008="","", "⚠️ 薄弱环节: "&INDEX($N$1:$O$1, MATCH(MIN(N1008:O1008), N1008:O1008, 0))&CHAR(10)&"📉 考察能力: "&IFERROR(VLOOKUP(TRIM(D1008)&"_"&TRIM(INDEX($N$1:$O$1, MATCH(MIN(N1008:O1008), N1008:O1008, 0))), 技能库!$A:$F, 5, 0),"建议查阅考纲")&CHAR(10)&"💡 提升建议: "&IFERROR(VLOOKUP(TRIM(D1008)&"_"&TRIM(INDEX($N$1:$O$1, MATCH(MIN(N1008:O1008), N1008:O1008, 0))), 技能库!$A:$F, 6, 0),"请针对该题型加强练习")) -> ⚠️ 薄弱环节: W-Pt1 📉 考察能力: [写作] 邮件回复 (100词) 💡 提升建议: 必须回应4个要点，注意语气的得体和内容的扩展。 | AC1008: =IF(W1008="","", "⚠️ 薄弱环节: "&INDEX($R$1:$V$1, MATCH(MIN(R1008:V1008), R1008:V1008, 0))&CHAR(10)&"📉 考察能力: "&IFERROR(VLOOKUP(TRIM(D1008)&"_"&TRIM(INDEX($R$1:$V$1, MATCH(MIN(R1008:V1008), R1008:V1008, 0))), 技能库!$A:$F, 5, 0),"建议查阅考纲")&CHAR(10)&"💡 提升建议: "&IFERROR(VLOOKUP(TRIM(D1008)&"_"&TRIM(INDEX($R$1:$V$1, MATCH(MIN(R1008:V1008), R1008:V1008, 0))), 技能库!$A:$F, 6, 0),"请针对该题型加强练习")) -> ⚠️ 薄弱环节: L-Pt1 📉 考察能力: [听力] 多选 (关键图片) 💡 提升建议: 听懂具体细节，排除极具迷惑性的干扰信息。 | AD1008: 46126
A1009: 301 | B1009: A1 | C1009: 赵清晔 William Zhao | D1009: PET | E1009: 4 | F1009: 0 | G1009: 4 | J1009: 3 | L1009: =IF(COUNT(E1009:K1009)>0, SUM(E1009:K1009), "") -> 11 | M1009: =IF(L1009="","", IFERROR(VLOOKUP(L1009, IF(D1009="KET", 换算标准!$M:$N, IF(D1009="PET", 换算标准!$S:$T, 换算标准!$AC:$AD)), 2, TRUE), 0)) -> 0 | N1009: 0 | O1009: 0 | P1009: =IF(COUNT(N1009:O1009)>0, SUM(N1009:O1009), "") -> 0 | Q1009: =IF(P1009="","", IFERROR(VLOOKUP(P1009, IF(D1009="KET", 换算标准!$O:$P, IF(D1009="PET", 换算标准!$U:$V, 换算标准!$AG:$AH)), 2, TRUE), 0)) -> 0 | R1009: 7 | S1009: 5 | T1009: 6 | U1009: 5 | W1009: =IF(COUNT(R1009:V1009)>0, SUM(R1009:V1009), "") -> 23 | X1009: =IF(W1009="","", IFERROR(VLOOKUP(W1009, IF(D1009="KET", 换算标准!$Q:$R, IF(D1009="PET", 换算标准!$W:$X, 换算标准!$AI:$AJ)), 2, TRUE), 0)) -> 160 | Y1009: =IF(COUNT(M1009,Q1009,X1009)>0, AVERAGE(M1009,Q1009,X1009), "") -> 53.333333 | AA1009: =IF(L1009="","", "⚠️ 薄弱环节: "&INDEX($E$1:$K$1, MATCH(MIN(E1009:K1009), E1009:K1009, 0))&CHAR(10)&"📉 考察能力: "&IFERROR(VLOOKUP(TRIM(D1009)&"_"&TRIM(INDEX($E$1:$K$1, MATCH(MIN(E1009:K1009), E1009:K1009, 0))), 技能库!$A:$F, 5, 0),"建议查阅考纲")&CHAR(10)&"💡 提升建议: "&IFERROR(VLOOKUP(TRIM(D1009)&"_"&TRIM(INDEX($E$1:$K$1, MATCH(MIN(E1009:K1009), E1009:K1009, 0))), 技能库!$A:$F, 6, 0),"请针对该题型加强练习")) -> ⚠️ 薄弱环节: R-Pt2 📉 考察能力: [阅读] 人物与描述匹配 💡 提升建议: 阅读量大，练习划关键词，寻找完全匹配项。 | AB1009: =IF(P1009="","", "⚠️ 薄弱环节: "&INDEX($N$1:$O$1, MATCH(MIN(N1009:O1009), N1009:O1009, 0))&CHAR(10)&"📉 考察能力: "&IFERROR(VLOOKUP(TRIM(D1009)&"_"&TRIM(INDEX($N$1:$O$1, MATCH(MIN(N1009:O1009), N1009:O1009, 0))), 技能库!$A:$F, 5, 0),"建议查阅考纲")&CHAR(10)&"💡 提升建议: "&IFERROR(VLOOKUP(TRIM(D1009)&"_"&TRIM(INDEX($N$1:$O$1, MATCH(MIN(N1009:O1009), N1009:O1009, 0))), 技能库!$A:$F, 6, 0),"请针对该题型加强练习")) -> ⚠️ 薄弱环节: W-Pt1 📉 考察能力: [写作] 邮件回复 (100词) 💡 提升建议: 必须回应4个要点，注意语气的得体和内容的扩展。 | AC1009: =IF(W1009="","", "⚠️ 薄弱环节: "&INDEX($R$1:$V$1, MATCH(MIN(R1009:V1009), R1009:V1009, 0))&CHAR(10)&"📉 考察能力: "&IFERROR(VLOOKUP(TRIM(D1009)&"_"&TRIM(INDEX($R$1:$V$1, MATCH(MIN(R1009:V1009), R1009:V1009, 0))), 技能库!$A:$F, 5, 0),"建议查阅考纲")&CHAR(10)&"💡 提升建议: "&IFERROR(VLOOKUP(TRIM(D1009)&"_"&TRIM(INDEX($R$1:$V$1, MATCH(MIN(R1009:V1009), R1009:V1009, 0))), 技能库!$A:$F, 6, 0),"请针对该题型加强练习")) -> ⚠️ 薄弱环节: L-Pt2 📉 考察能力: [听力] 多选 (短对话) 💡 提升建议: 听懂说话人的态度、观点和意图。 | AD1009: 46126
A1010: 305 | B1010: A1 | C1010: 黄翊桐 Yaya Huang | D1010: PET | E1010: 4 | G1010: 3 | L1010: =IF(COUNT(E1010:K1010)>0, SUM(E1010:K1010), "") -> 7 | M1010: =IF(L1010="","", IFERROR(VLOOKUP(L1010, IF(D1010="KET", 换算标准!$M:$N, IF(D1010="PET", 换算标准!$S:$T, 换算标准!$AC:$AD)), 2, TRUE), 0)) -> 0 | N1010: 0 | O1010: 0 | P1010: =IF(COUNT(N1010:O1010)>0, SUM(N1010:O1010), "") -> 0 | Q1010: =IF(P1010="","", IFERROR(VLOOKUP(P1010, IF(D1010="KET", 换算标准!$O:$P, IF(D1010="PET", 换算标准!$U:$V, 换算标准!$AG:$AH)), 2, TRUE), 0)) -> 0 | R1010: 5 | S1010: 4 | T1010: 5 | U1010: 4 | W1010: =IF(COUNT(R1010:V1010)>0, SUM(R1010:V1010), "") -> 18 | X1010: =IF(W1010="","", IFERROR(VLOOKUP(W1010, IF(D1010="KET", 换算标准!$Q:$R, IF(D1010="PET", 换算标准!$W:$X, 换算标准!$AI:$AJ)), 2, TRUE), 0)) -> 140 | Y1010: =IF(COUNT(M1010,Q1010,X1010)>0, AVERAGE(M1010,Q1010,X1010), "") -> 46.666667 | AA1010: =IF(L1010="","", "⚠️ 薄弱环节: "&INDEX($E$1:$K$1, MATCH(MIN(E1010:K1010), E1010:K1010, 0))&CHAR(10)&"📉 考察能力: "&IFERROR(VLOOKUP(TRIM(D1010)&"_"&TRIM(INDEX($E$1:$K$1, MATCH(MIN(E1010:K1010), E1010:K1010, 0))), 技能库!$A:$F, 5, 0),"建议查阅考纲")&CHAR(10)&"💡 提升建议: "&IFERROR(VLOOKUP(TRIM(D1010)&"_"&TRIM(INDEX($E$1:$K$1, MATCH(MIN(E1010:K1010), E1010:K1010, 0))), 技能库!$A:$F, 6, 0),"请针对该题型加强练习")) -> ⚠️ 薄弱环节: R-Pt3 📉 考察能力: [阅读] 长文理解 (多选) 💡 提升建议: 深入理解文章结构，区分事实与观点。 | AB1010: =IF(P1010="","", "⚠️ 薄弱环节: "&INDEX($N$1:$O$1, MATCH(MIN(N1010:O1010), N1010:O1010, 0))&CHAR(10)&"📉 考察能力: "&IFERROR(VLOOKUP(TRIM(D1010)&"_"&TRIM(INDEX($N$1:$O$1, MATCH(MIN(N1010:O1010), N1010:O1010, 0))), 技能库!$A:$F, 5, 0),"建议查阅考纲")&CHAR(10)&"💡 提升建议: "&IFERROR(VLOOKUP(TRIM(D1010)&"_"&TRIM(INDEX($N$1:$O$1, MATCH(MIN(N1010:O1010), N1010:O1010, 0))), 技能库!$A:$F, 6, 0),"请针对该题型加强练习")) -> ⚠️ 薄弱环节: W-Pt1 📉 考察能力: [写作] 邮件回复 (100词) 💡 提升建议: 必须回应4个要点，注意语气的得体和内容的扩展。 | AC1010: =IF(W1010="","", "⚠️ 薄弱环节: "&INDEX($R$1:$V$1, MATCH(MIN(R1010:V1010), R1010:V1010, 0))&CHAR(10)&"📉 考察能力: "&IFERROR(VLOOKUP(TRIM(D1010)&"_"&TRIM(INDEX($R$1:$V$1, MATCH(MIN(R1010:V1010), R1010:V1010, 0))), 技能库!$A:$F, 5, 0),"建议查阅考纲")&CHAR(10)&"💡 提升建议: "&IFERROR(VLOOKUP(TRIM(D1010)&"_"&TRIM(INDEX($R$1:$V$1, MATCH(MIN(R1010:V1010), R1010:V1010, 0))), 技能库!$A:$F, 6, 0),"请针对该题型加强练习")) -> ⚠️ 薄弱环节: L-Pt2 📉 考察能力: [听力] 多选 (短对话) 💡 提升建议: 听懂说话人的态度、观点和意图。 | AD1010: 46126
A1011: 305 | B1011: A1 | C1011: 张茉凡 Kimberley Zhang | D1011: PET | E1011: 2 | F1011: 1 | G1011: 1 | L1011: =IF(COUNT(E1011:K1011)>0, SUM(E1011:K1011), "") -> 4 | M1011: =IF(L1011="","", IFERROR(VLOOKUP(L1011, IF(D1011="KET", 换算标准!$M:$N, IF(D1011="PET", 换算标准!$S:$T, 换算标准!$AC:$AD)), 2, TRUE), 0)) -> 0 | N1011: 0 | O1011: 0 | P1011: =IF(COUNT(N1011:O1011)>0, SUM(N1011:O1011), "") -> 0 | Q1011: =IF(P1011="","", IFERROR(VLOOKUP(P1011, IF(D1011="KET", 换算标准!$O:$P, IF(D1011="PET", 换算标准!$U:$V, 换算标准!$AG:$AH)), 2, TRUE), 0)) -> 0 | R1011: 3 | S1011: 4 | T1011: 4 | U1011: 4 | W1011: =IF(COUNT(R1011:V1011)>0, SUM(R1011:V1011), "") -> 15 | X1011: =IF(W1011="","", IFERROR(VLOOKUP(W1011, IF(D1011="KET", 换算标准!$Q:$R, IF(D1011="PET", 换算标准!$W:$X, 换算标准!$AI:$AJ)), 2, TRUE), 0)) -> 131 | Y1011: =IF(COUNT(M1011,Q1011,X1011)>0, AVERAGE(M1011,Q1011,X1011), "") -> 43.666667 | AA1011: =IF(L1011="","", "⚠️ 薄弱环节: "&INDEX($E$1:$K$1, MATCH(MIN(E1011:K1011), E1011:K1011, 0))&CHAR(10)&"📉 考察能力: "&IFERROR(VLOOKUP(TRIM(D1011)&"_"&TRIM(INDEX($E$1:$K$1, MATCH(MIN(E1011:K1011), E1011:K1011, 0))), 技能库!$A:$F, 5, 0),"建议查阅考纲")&CHAR(10)&"💡 提升建议: "&IFERROR(VLOOKUP(TRIM(D1011)&"_"&TRIM(INDEX($E$1:$K$1, MATCH(MIN(E1011:K1011), E1011:K1011, 0))), 技能库!$A:$F, 6, 0),"请针对该题型加强练习")) -> ⚠️ 薄弱环节: R-Pt2 📉 考察能力: [阅读] 人物与描述匹配 💡 提升建议: 阅读量大，练习划关键词，寻找完全匹配项。 | AB1011: =IF(P1011="","", "⚠️ 薄弱环节: "&INDEX($N$1:$O$1, MATCH(MIN(N1011:O1011), N1011:O1011, 0))&CHAR(10)&"📉 考察能力: "&IFERROR(VLOOKUP(TRIM(D1011)&"_"&TRIM(INDEX($N$1:$O$1, MATCH(MIN(N1011:O1011), N1011:O1011, 0))), 技能库!$A:$F, 5, 0),"建议查阅考纲")&CHAR(10)&"💡 提升建议: "&IFERROR(VLOOKUP(TRIM(D1011)&"_"&TRIM(INDEX($N$1:$O$1, MATCH(MIN(N1011:O1011), N1011:O1011, 0))), 技能库!$A:$F, 6, 0),"请针对该题型加强练习")) -> ⚠️ 薄弱环节: W-Pt1 📉 考察能力: [写作] 邮件回复 (100词) 💡 提升建议: 必须回应4个要点，注意语气的得体和内容的扩展。 | AC1011: =IF(W1011="","", "⚠️ 薄弱环节: "&INDEX($R$1:$V$1, MATCH(MIN(R1011:V1011), R1011:V1011, 0))&CHAR(10)&"📉 考察能力: "&IFERROR(VLOOKUP(TRIM(D1011)&"_"&TRIM(INDEX($R$1:$V$1, MATCH(MIN(R1011:V1011), R1011:V1011, 0))), 技能库!$A:$F, 5, 0),"建议查阅考纲")&CHAR(10)&"💡 提升建议: "&IFERROR(VLOOKUP(TRIM(D1011)&"_"&TRIM(INDEX($R$1:$V$1, MATCH(MIN(R1011:V1011), R1011:V1011, 0))), 技能库!$A:$F, 6, 0),"请针对该题型加强练习")) -> ⚠️ 薄弱环节: L-Pt1 📉 考察能力: [听力] 多选 (关键图片) 💡 提升建议: 听懂具体细节，排除极具迷惑性的干扰信息。 | AD1011: 46126
A1012: 301 | B1012: A1 | C1012: 刘泽楷 Nick Liu | D1012: KET | E1012: 5 | F1012: 4 | G1012: 3 | H1012: 4 | I1012: 4 | L1012: =IF(COUNT(E1012:K1012)>0, SUM(E1012:K1012), "") -> 20 | M1012: =IF(L1012="","", IFERROR(VLOOKUP(L1012, IF(D1012="KET", 换算标准!$M:$N, IF(D1012="PET", 换算标准!$S:$T, 换算标准!$AC:$AD)), 2, TRUE), 0)) -> 120 | N1012: 0 | O1012: 0 | P1012: =IF(COUNT(N1012:O1012)>0, SUM(N1012:O1012), "") -> 0 | Q1012: =IF(P1012="","", IFERROR(VLOOKUP(P1012, IF(D1012="KET", 换算标准!$O:$P, IF(D1012="PET", 换算标准!$U:$V, 换算标准!$AG:$AH)), 2, TRUE), 0)) -> 0 | R1012: 4 | S1012: 3 | T1012: 3 | U1012: 2 | V1012: 2 | W1012: =IF(COUNT(R1012:V1012)>0, SUM(R1012:V1012), "") -> 14 | X1012: =IF(W1012="","", IFERROR(VLOOKUP(W1012, IF(D1012="KET", 换算标准!$Q:$R, IF(D1012="PET", 换算标准!$W:$X, 换算标准!$AI:$AJ)), 2, TRUE), 0)) -> 110 | Y1012: =IF(COUNT(M1012,Q1012,X1012)>0, AVERAGE(M1012,Q1012,X1012), "") -> 76.666667 | AA1012: =IF(L1012="","", "⚠️ 薄弱环节: "&INDEX($E$1:$K$1, MATCH(MIN(E1012:K1012), E1012:K1012, 0))&CHAR(10)&"📉 考察能力: "&IFERROR(VLOOKUP(TRIM(D1012)&"_"&TRIM(INDEX($E$1:$K$1, MATCH(MIN(E1012:K1012), E1012:K1012, 0))), 技能库!$A:$F, 5, 0),"建议查阅考纲")&CHAR(10)&"💡 提升建议: "&IFERROR(VLOOKUP(TRIM(D1012)&"_"&TRIM(INDEX($E$1:$K$1, MATCH(MIN(E1012:K1012), E1012:K1012, 0))), 技能库!$A:$F, 6, 0),"请针对该题型加强练习")) -> ⚠️ 薄弱环节: R-Pt3 📉 考察能力: [阅读] 长文主旨理解 💡 提升建议: 提升长难句阅读能力，关注段落大意和作者态度。 | AB1012: =IF(P1012="","", "⚠️ 薄弱环节: "&INDEX($N$1:$O$1, MATCH(MIN(N1012:O1012), N1012:O1012, 0))&CHAR(10)&"📉 考察能力: "&IFERROR(VLOOKUP(TRIM(D1012)&"_"&TRIM(INDEX($N$1:$O$1, MATCH(MIN(N1012:O1012), N1012:O1012, 0))), 技能库!$A:$F, 5, 0),"建议查阅考纲")&CHAR(10)&"💡 提升建议: "&IFERROR(VLOOKUP(TRIM(D1012)&"_"&TRIM(INDEX($N$1:$O$1, MATCH(MIN(N1012:O1012), N1012:O1012, 0))), 技能库!$A:$F, 6, 0),"请针对该题型加强练习")) -> ⚠️ 薄弱环节: W-Pt1 📉 考察能力: [写作] 短邮件/便条 💡 提升建议: 必须覆盖所有3个要点，注意语域恰当，无拼写语法错误。 | AC1012: =IF(W1012="","", "⚠️ 薄弱环节: "&INDEX($R$1:$V$1, MATCH(MIN(R1012:V1012), R1012:V1012, 0))&CHAR(10)&"📉 考察能力: "&IFERROR(VLOOKUP(TRIM(D1012)&"_"&TRIM(INDEX($R$1:$V$1, MATCH(MIN(R1012:V1012), R1012:V1012, 0))), 技能库!$A:$F, 5, 0),"建议查阅考纲")&CHAR(10)&"💡 提升建议: "&IFERROR(VLOOKUP(TRIM(D1012)&"_"&TRIM(INDEX($R$1:$V$1, MATCH(MIN(R1012:V1012), R1012:V1012, 0))), 技能库!$A:$F, 6, 0),"请针对该题型加强练习")) -> ⚠️ 薄弱环节: L-Pt4 📉 考察能力: [听力] 听主旨/观点 💡 提升建议: 不要纠结个别词，听懂说话人的主要意图或感受。 | AD1012: 46126
A1013: 305 | B1013: A1 | C1013: 刘野晨 Daniel Liu | D1013: KET | E1013: 5 | F1013: 6 | G1013: 4 | H1013: 6 | I1013: 6 | L1013: =IF(COUNT(E1013:K1013)>0, SUM(E1013:K1013), "") -> 27 | M1013: =IF(L1013="","", IFERROR(VLOOKUP(L1013, IF(D1013="KET", 换算标准!$M:$N, IF(D1013="PET", 换算标准!$S:$T, 换算标准!$AC:$AD)), 2, TRUE), 0)) -> 137 | N1013: 14 | O1013: 0 | P1013: =IF(COUNT(N1013:O1013)>0, SUM(N1013:O1013), "") -> 14 | Q1013: =IF(P1013="","", IFERROR(VLOOKUP(P1013, IF(D1013="KET", 换算标准!$O:$P, IF(D1013="PET", 换算标准!$U:$V, 换算标准!$AG:$AH)), 2, TRUE), 0)) -> 108 | R1013: 3 | S1013: 5 | T1013: 5 | U1013: 5 | V1013: 5 | W1013: =IF(COUNT(R1013:V1013)>0, SUM(R1013:V1013), "") -> 23 | X1013: =IF(W1013="","", IFERROR(VLOOKUP(W1013, IF(D1013="KET", 换算标准!$Q:$R, IF(D1013="PET", 换算标准!$W:$X, 换算标准!$AI:$AJ)), 2, TRUE), 0)) -> 140 | Y1013: =IF(COUNT(M1013,Q1013,X1013)>0, AVERAGE(M1013,Q1013,X1013), "") -> 128.33333 | AA1013: =IF(L1013="","", "⚠️ 薄弱环节: "&INDEX($E$1:$K$1, MATCH(MIN(E1013:K1013), E1013:K1013, 0))&CHAR(10)&"📉 考察能力: "&IFERROR(VLOOKUP(TRIM(D1013)&"_"&TRIM(INDEX($E$1:$K$1, MATCH(MIN(E1013:K1013), E1013:K1013, 0))), 技能库!$A:$F, 5, 0),"建议查阅考纲")&CHAR(10)&"💡 提升建议: "&IFERROR(VLOOKUP(TRIM(D1013)&"_"&TRIM(INDEX($E$1:$K$1, MATCH(MIN(E1013:K1013), E1013:K1013, 0))), 技能库!$A:$F, 6, 0),"请针对该题型加强练习")) -> ⚠️ 薄弱环节: R-Pt3 📉 考察能力: [阅读] 长文主旨理解 💡 提升建议: 提升长难句阅读能力，关注段落大意和作者态度。 | AB1013: =IF(P1013="","", "⚠️ 薄弱环节: "&INDEX($N$1:$O$1, MATCH(MIN(N1013:O1013), N1013:O1013, 0))&CHAR(10)&"📉 考察能力: "&IFERROR(VLOOKUP(TRIM(D1013)&"_"&TRIM(INDEX($N$1:$O$1, MATCH(MIN(N1013:O1013), N1013:O1013, 0))), 技能库!$A:$F, 5, 0),"建议查阅考纲")&CHAR(10)&"💡 提升建议: "&IFERROR(VLOOKUP(TRIM(D1013)&"_"&TRIM(INDEX($N$1:$O$1, MATCH(MIN(N1013:O1013), N1013:O1013, 0))), 技能库!$A:$F, 6, 0),"请针对该题型加强练习")) -> ⚠️ 薄弱环节: W-Pt2 📉 考察能力: [写作] 看图写故事 💡 提升建议: 运用 linking words (so, because) 串联图片，注意过去时态。 | AC1013: =IF(W1013="","", "⚠️ 薄弱环节: "&INDEX($R$1:$V$1, MATCH(MIN(R1013:V1013), R1013:V1013, 0))&CHAR(10)&"📉 考察能力: "&IFERROR(VLOOKUP(TRIM(D1013)&"_"&TRIM(INDEX($R$1:$V$1, MATCH(MIN(R1013:V1013), R1013:V1013, 0))), 技能库!$A:$F, 5, 0),"建议查阅考纲")&CHAR(10)&"💡 提升建议: "&IFERROR(VLOOKUP(TRIM(D1013)&"_"&TRIM(INDEX($R$1:$V$1, MATCH(MIN(R1013:V1013), R1013:V1013, 0))), 技能库!$A:$F, 6, 0),"请针对该题型加强练习")) -> ⚠️ 薄弱环节: L-Pt1 📉 考察能力: [听力] 多选 (关键信息) 💡 提升建议: 警惕干扰项，通常听到的第一个选项是错误的，听完整再选。 | AD1013: 46126
A1014: 301 | B1014: A1 | C1014: 夏添翊 Tommy Xia | D1014: KET | E1014: 6 | F1014: 6 | G1014: 5 | H1014: 5 | I1014: 3 | L1014: =IF(COUNT(E1014:K1014)>0, SUM(E1014:K1014), "") -> 25 | M1014: =IF(L1014="","", IFERROR(VLOOKUP(L1014, IF(D1014="KET", 换算标准!$M:$N, IF(D1014="PET", 换算标准!$S:$T, 换算标准!$AC:$AD)), 2, TRUE), 0)) -> 133 | N1014: 13 | O1014: 0 | P1014: =IF(COUNT(N1014:O1014)>0, SUM(N1014:O1014), "") -> 13 | Q1014: =IF(P1014="","", IFERROR(VLOOKUP(P1014, IF(D1014="KET", 换算标准!$O:$P, IF(D1014="PET", 换算标准!$U:$V, 换算标准!$AG:$AH)), 2, TRUE), 0)) -> 105 | R1014: 5 | S1014: 2 | T1014: 3 | U1014: 3 | V1014: 2 | W1014: =IF(COUNT(R1014:V1014)>0, SUM(R1014:V1014), "") -> 15 | X1014: =IF(W1014="","", IFERROR(VLOOKUP(W1014, IF(D1014="KET", 换算标准!$Q:$R, IF(D1014="PET", 换算标准!$W:$X, 换算标准!$AI:$AJ)), 2, TRUE), 0)) -> 113 | Y1014: =IF(COUNT(M1014,Q1014,X1014)>0, AVERAGE(M1014,Q1014,X1014), "") -> 117 | AA1014: =IF(L1014="","", "⚠️ 薄弱环节: "&INDEX($E$1:$K$1, MATCH(MIN(E1014:K1014), E1014:K1014, 0))&CHAR(10)&"📉 考察能力: "&IFERROR(VLOOKUP(TRIM(D1014)&"_"&TRIM(INDEX($E$1:$K$1, MATCH(MIN(E1014:K1014), E1014:K1014, 0))), 技能库!$A:$F, 5, 0),"建议查阅考纲")&CHAR(10)&"💡 提升建议: "&IFERROR(VLOOKUP(TRIM(D1014)&"_"&TRIM(INDEX($E$1:$K$1, MATCH(MIN(E1014:K1014), E1014:K1014, 0))), 技能库!$A:$F, 6, 0),"请针对该题型加强练习")) -> ⚠️ 薄弱环节: R-Pt5 📉 考察能力: [阅读] 开放式填空 (语法) 💡 提升建议: 纯语法考核，重点强化介词、代词、连词和时态助动词。 | AB1014: =IF(P1014="","", "⚠️ 薄弱环节: "&INDEX($N$1:$O$1, MATCH(MIN(N1014:O1014), N1014:O1014, 0))&CHAR(10)&"📉 考察能力: "&IFERROR(VLOOKUP(TRIM(D1014)&"_"&TRIM(INDEX($N$1:$O$1, MATCH(MIN(N1014:O1014), N1014:O1014, 0))), 技能库!$A:$F, 5, 0),"建议查阅考纲")&CHAR(10)&"💡 提升建议: "&IFERROR(VLOOKUP(TRIM(D1014)&"_"&TRIM(INDEX($N$1:$O$1, MATCH(MIN(N1014:O1014), N1014:O1014, 0))), 技能库!$A:$F, 6, 0),"请针对该题型加强练习")) -> ⚠️ 薄弱环节: W-Pt2 📉 考察能力: [写作] 看图写故事 💡 提升建议: 运用 linking words (so, because) 串联图片，注意过去时态。 | AC1014: =IF(W1014="","", "⚠️ 薄弱环节: "&INDEX($R$1:$V$1, MATCH(MIN(R1014:V1014), R1014:V1014, 0))&CHAR(10)&"📉 考察能力: "&IFERROR(VLOOKUP(TRIM(D1014)&"_"&TRIM(INDEX($R$1:$V$1, MATCH(MIN(R1014:V1014), R1014:V1014, 0))), 技能库!$A:$F, 5, 0),"建议查阅考纲")&CHAR(10)&"💡 提升建议: "&IFERROR(VLOOKUP(TRIM(D1014)&"_"&TRIM(INDEX($R$1:$V$1, MATCH(MIN(R1014:V1014), R1014:V1014, 0))), 技能库!$A:$F, 6, 0),"请针对该题型加强练习")) -> ⚠️ 薄弱环节: L-Pt2 📉 考察能力: [听力] 填空 (信息记录) 💡 提升建议: 强化数字、价格、日期、拼写的听写训练。 | AD1014: 46126
A1015: 307 | B1015: A1 | C1015: 张芮语 Ann Zhang | D1015: KET | E1015: 5 | F1015: 3 | G1015: 3 | H1015: 3 | I1015: 3 | L1015: =IF(COUNT(E1015:K1015)>0, SUM(E1015:K1015), "") -> 17 | M1015: =IF(L1015="","", IFERROR(VLOOKUP(L1015, IF(D1015="KET", 换算标准!$M:$N, IF(D1015="PET", 换算标准!$S:$T, 换算标准!$AC:$AD)), 2, TRUE), 0)) -> 111 | N1015: 0 | O1015: 0 | P1015: =IF(COUNT(N1015:O1015)>0, SUM(N1015:O1015), "") -> 0 | Q1015: =IF(P1015="","", IFERROR(VLOOKUP(P1015, IF(D1015="KET", 换算标准!$O:$P, IF(D1015="PET", 换算标准!$U:$V, 换算标准!$AG:$AH)), 2, TRUE), 0)) -> 0 | R1015: 4 | S1015: 3 | T1015: 1 | U1015: 4 | V1015: 2 | W1015: =IF(COUNT(R1015:V1015)>0, SUM(R1015:V1015), "") -> 14 | X1015: =IF(W1015="","", IFERROR(VLOOKUP(W1015, IF(D1015="KET", 换算标准!$Q:$R, IF(D1015="PET", 换算标准!$W:$X, 换算标准!$AI:$AJ)), 2, TRUE), 0)) -> 110 | Y1015: =IF(COUNT(M1015,Q1015,X1015)>0, AVERAGE(M1015,Q1015,X1015), "") -> 73.666667 | AA1015: =IF(L1015="","", "⚠️ 薄弱环节: "&INDEX($E$1:$K$1, MATCH(MIN(E1015:K1015), E1015:K1015, 0))&CHAR(10)&"📉 考察能力: "&IFERROR(VLOOKUP(TRIM(D1015)&"_"&TRIM(INDEX($E$1:$K$1, MATCH(MIN(E1015:K1015), E1015:K1015, 0))), 技能库!$A:$F, 5, 0),"建议查阅考纲")&CHAR(10)&"💡 提升建议: "&IFERROR(VLOOKUP(TRIM(D1015)&"_"&TRIM(INDEX($E$1:$K$1, MATCH(MIN(E1015:K1015), E1015:K1015, 0))), 技能库!$A:$F, 6, 0),"请针对该题型加强练习")) -> ⚠️ 薄弱环节: R-Pt2 📉 考察能力: [阅读] 三选一匹配 (细节) 💡 提升建议: 练习快速定位，注意题目描述与原文细节的对应。 | AB1015: =IF(P1015="","", "⚠️ 薄弱环节: "&INDEX($N$1:$O$1, MATCH(MIN(N1015:O1015), N1015:O1015, 0))&CHAR(10)&"📉 考察能力: "&IFERROR(VLOOKUP(TRIM(D1015)&"_"&TRIM(INDEX($N$1:$O$1, MATCH(MIN(N1015:O1015), N1015:O1015, 0))), 技能库!$A:$F, 5, 0),"建议查阅考纲")&CHAR(10)&"💡 提升建议: "&IFERROR(VLOOKUP(TRIM(D1015)&"_"&TRIM(INDEX($N$1:$O$1, MATCH(MIN(N1015:O1015), N1015:O1015, 0))), 技能库!$A:$F, 6, 0),"请针对该题型加强练习")) -> ⚠️ 薄弱环节: W-Pt1 📉 考察能力: [写作] 短邮件/便条 💡 提升建议: 必须覆盖所有3个要点，注意语域恰当，无拼写语法错误。 | AC1015: =IF(W1015="","", "⚠️ 薄弱环节: "&INDEX($R$1:$V$1, MATCH(MIN(R1015:V1015), R1015:V1015, 0))&CHAR(10)&"📉 考察能力: "&IFERROR(VLOOKUP(TRIM(D1015)&"_"&TRIM(INDEX($R$1:$V$1, MATCH(MIN(R1015:V1015), R1015:V1015, 0))), 技能库!$A:$F, 5, 0),"建议查阅考纲")&CHAR(10)&"💡 提升建议: "&IFERROR(VLOOKUP(TRIM(D1015)&"_"&TRIM(INDEX($R$1:$V$1, MATCH(MIN(R1015:V1015), R1015:V1015, 0))), 技能库!$A:$F, 6, 0),"请针对该题型加强练习")) -> ⚠️ 薄弱环节: L-Pt3 📉 考察能力: [听力] 长对话 (具体信息) 💡 提升建议: 听懂对话中的观点和态度，注意同义转换。 | AD1015: 46126
A1016: 305 | B1016: A1 | C1016: 朱诗淇 Sophia Zhu | D1016: KET | E1016: 4 | F1016: 4 | G1016: 3 | H1016: 4 | L1016: =IF(COUNT(E1016:K1016)>0, SUM(E1016:K1016), "") -> 15 | M1016: =IF(L1016="","", IFERROR(VLOOKUP(L1016, IF(D1016="KET", 换算标准!$M:$N, IF(D1016="PET", 换算标准!$S:$T, 换算标准!$AC:$AD)), 2, TRUE), 0)) -> 105 | N1016: 0 | O1016: 0 | P1016: =IF(COUNT(N1016:O1016)>0, SUM(N1016:O1016), "") -> 0 | Q1016: =IF(P1016="","", IFERROR(VLOOKUP(P1016, IF(D1016="KET", 换算标准!$O:$P, IF(D1016="PET", 换算标准!$U:$V, 换算标准!$AG:$AH)), 2, TRUE), 0)) -> 0 | R1016: 4 | S1016: 4 | T1016: 3 | U1016: 1 | V1016: 3 | W1016: =IF(COUNT(R1016:V1016)>0, SUM(R1016:V1016), "") -> 15 | X1016: =IF(W1016="","", IFERROR(VLOOKUP(W1016, IF(D1016="KET", 换算标准!$Q:$R, IF(D1016="PET", 换算标准!$W:$X, 换算标准!$AI:$AJ)), 2, TRUE), 0)) -> 113 | Y1016: =IF(COUNT(M1016,Q1016,X1016)>0, AVERAGE(M1016,Q1016,X1016), "") -> 72.666667 | AA1016: =IF(L1016="","", "⚠️ 薄弱环节: "&INDEX($E$1:$K$1, MATCH(MIN(E1016:K1016), E1016:K1016, 0))&CHAR(10)&"📉 考察能力: "&IFERROR(VLOOKUP(TRIM(D1016)&"_"&TRIM(INDEX($E$1:$K$1, MATCH(MIN(E1016:K1016), E1016:K1016, 0))), 技能库!$A:$F, 5, 0),"建议查阅考纲")&CHAR(10)&"💡 提升建议: "&IFERROR(VLOOKUP(TRIM(D1016)&"_"&TRIM(INDEX($E$1:$K$1, MATCH(MIN(E1016:K1016), E1016:K1016, 0))), 技能库!$A:$F, 6, 0),"请针对该题型加强练习")) -> ⚠️ 薄弱环节: R-Pt3 📉 考察能力: [阅读] 长文主旨理解 💡 提升建议: 提升长难句阅读能力，关注段落大意和作者态度。 | AB1016: =IF(P1016="","", "⚠️ 薄弱环节: "&INDEX($N$1:$O$1, MATCH(MIN(N1016:O1016), N1016:O1016, 0))&CHAR(10)&"📉 考察能力: "&IFERROR(VLOOKUP(TRIM(D1016)&"_"&TRIM(INDEX($N$1:$O$1, MATCH(MIN(N1016:O1016), N1016:O1016, 0))), 技能库!$A:$F, 5, 0),"建议查阅考纲")&CHAR(10)&"💡 提升建议: "&IFERROR(VLOOKUP(TRIM(D1016)&"_"&TRIM(INDEX($N$1:$O$1, MATCH(MIN(N1016:O1016), N1016:O1016, 0))), 技能库!$A:$F, 6, 0),"请针对该题型加强练习")) -> ⚠️ 薄弱环节: W-Pt1 📉 考察能力: [写作] 短邮件/便条 💡 提升建议: 必须覆盖所有3个要点，注意语域恰当，无拼写语法错误。 | AC1016: =IF(W1016="","", "⚠️ 薄弱环节: "&INDEX($R$1:$V$1, MATCH(MIN(R1016:V1016), R1016:V1016, 0))&CHAR(10)&"📉 考察能力: "&IFERROR(VLOOKUP(TRIM(D1016)&"_"&TRIM(INDEX($R$1:$V$1, MATCH(MIN(R1016:V1016), R1016:V1016, 0))), 技能库!$A:$F, 5, 0),"建议查阅考纲")&CHAR(10)&"💡 提升建议: "&IFERROR(VLOOKUP(TRIM(D1016)&"_"&TRIM(INDEX($R$1:$V$1, MATCH(MIN(R1016:V1016), R1016:V1016, 0))), 技能库!$A:$F, 6, 0),"请针对该题型加强练习")) -> ⚠️ 薄弱环节: L-Pt4 📉 考察能力: [听力] 听主旨/观点 💡 提升建议: 不要纠结个别词，听懂说话人的主要意图或感受。 | AD1016: 46126
A1017: 305 | B1017: A1 | C1017: 李翎嫣 Oli Li | D1017: KET | E1017: 6 | F1017: 5 | G1017: 3 | H1017: 5 | L1017: =IF(COUNT(E1017:K1017)>0, SUM(E1017:K1017), "") -> 19 | M1017: =IF(L1017="","", IFERROR(VLOOKUP(L1017, IF(D1017="KET", 换算标准!$M:$N, IF(D1017="PET", 换算标准!$S:$T, 换算标准!$AC:$AD)), 2, TRUE), 0)) -> 117 | N1017: 0 | O1017: 0 | P1017: =IF(COUNT(N1017:O1017)>0, SUM(N1017:O1017), "") -> 0 | Q1017: =IF(P1017="","", IFERROR(VLOOKUP(P1017, IF(D1017="KET", 换算标准!$O:$P, IF(D1017="PET", 换算标准!$U:$V, 换算标准!$AG:$AH)), 2, TRUE), 0)) -> 0 | R1017: 4 | S1017: 4 | T1017: 5 | U1017: 4 | V1017: 4 | W1017: =IF(COUNT(R1017:V1017)>0, SUM(R1017:V1017), "") -> 21 | X1017: =IF(W1017="","", IFERROR(VLOOKUP(W1017, IF(D1017="KET", 换算标准!$Q:$R, IF(D1017="PET", 换算标准!$W:$X, 换算标准!$AI:$AJ)), 2, TRUE), 0)) -> 133 | Y1017: =IF(COUNT(M1017,Q1017,X1017)>0, AVERAGE(M1017,Q1017,X1017), "") -> 83.333333 | AA1017: =IF(L1017="","", "⚠️ 薄弱环节: "&INDEX($E$1:$K$1, MATCH(MIN(E1017:K1017), E1017:K1017, 0))&CHAR(10)&"📉 考察能力: "&IFERROR(VLOOKUP(TRIM(D1017)&"_"&TRIM(INDEX($E$1:$K$1, MATCH(MIN(E1017:K1017), E1017:K1017, 0))), 技能库!$A:$F, 5, 0),"建议查阅考纲")&CHAR(10)&"💡 提升建议: "&IFERROR(VLOOKUP(TRIM(D1017)&"_"&TRIM(INDEX($E$1:$K$1, MATCH(MIN(E1017:K1017), E1017:K1017, 0))), 技能库!$A:$F, 6, 0),"请针对该题型加强练习")) -> ⚠️ 薄弱环节: R-Pt3 📉 考察能力: [阅读] 长文主旨理解 💡 提升建议: 提升长难句阅读能力，关注段落大意和作者态度。 | AB1017: =IF(P1017="","", "⚠️ 薄弱环节: "&INDEX($N$1:$O$1, MATCH(MIN(N1017:O1017), N1017:O1017, 0))&CHAR(10)&"📉 考察能力: "&IFERROR(VLOOKUP(TRIM(D1017)&"_"&TRIM(INDEX($N$1:$O$1, MATCH(MIN(N1017:O1017), N1017:O1017, 0))), 技能库!$A:$F, 5, 0),"建议查阅考纲")&CHAR(10)&"💡 提升建议: "&IFERROR(VLOOKUP(TRIM(D1017)&"_"&TRIM(INDEX($N$1:$O$1, MATCH(MIN(N1017:O1017), N1017:O1017, 0))), 技能库!$A:$F, 6, 0),"请针对该题型加强练习")) -> ⚠️ 薄弱环节: W-Pt1 📉 考察能力: [写作] 短邮件/便条 💡 提升建议: 必须覆盖所有3个要点，注意语域恰当，无拼写语法错误。 | AC1017: =IF(W1017="","", "⚠️ 薄弱环节: "&INDEX($R$1:$V$1, MATCH(MIN(R1017:V1017), R1017:V1017, 0))&CHAR(10)&"📉 考察能力: "&IFERROR(VLOOKUP(TRIM(D1017)&"_"&TRIM(INDEX($R$1:$V$1, MATCH(MIN(R1017:V1017), R1017:V1017, 0))), 技能库!$A:$F, 5, 0),"建议查阅考纲")&CHAR(10)&"💡 提升建议: "&IFERROR(VLOOKUP(TRIM(D1017)&"_"&TRIM(INDEX($R$1:$V$1, MATCH(MIN(R1017:V1017), R1017:V1017, 0))), 技能库!$A:$F, 6, 0),"请针对该题型加强练习")) -> ⚠️ 薄弱环节: L-Pt1 📉 考察能力: [听力] 多选 (关键信息) 💡 提升建议: 警惕干扰项，通常听到的第一个选项是错误的，听完整再选。 | AD1017: 46126
A1018: 301 | B1018: A1 | C1018: 林奕辰 Eason Lin | D1018: KET | E1018: 5 | F1018: 1 | G1018: 4 | H1018: 6 | L1018: =IF(COUNT(E1018:K1018)>0, SUM(E1018:K1018), "") -> 16 | M1018: =IF(L1018="","", IFERROR(VLOOKUP(L1018, IF(D1018="KET", 换算标准!$M:$N, IF(D1018="PET", 换算标准!$S:$T, 换算标准!$AC:$AD)), 2, TRUE), 0)) -> 108 | N1018: 0 | O1018: 0 | P1018: =IF(COUNT(N1018:O1018)>0, SUM(N1018:O1018), "") -> 0 | Q1018: =IF(P1018="","", IFERROR(VLOOKUP(P1018, IF(D1018="KET", 换算标准!$O:$P, IF(D1018="PET", 换算标准!$U:$V, 换算标准!$AG:$AH)), 2, TRUE), 0)) -> 0 | R1018: 4 | S1018: 3 | T1018: 3 | U1018: 4 | V1018: 3 | W1018: =IF(COUNT(R1018:V1018)>0, SUM(R1018:V1018), "") -> 17 | X1018: =IF(W1018="","", IFERROR(VLOOKUP(W1018, IF(D1018="KET", 换算标准!$Q:$R, IF(D1018="PET", 换算标准!$W:$X, 换算标准!$AI:$AJ)), 2, TRUE), 0)) -> 120 | Y1018: =IF(COUNT(M1018,Q1018,X1018)>0, AVERAGE(M1018,Q1018,X1018), "") -> 76 | AA1018: =IF(L1018="","", "⚠️ 薄弱环节: "&INDEX($E$1:$K$1, MATCH(MIN(E1018:K1018), E1018:K1018, 0))&CHAR(10)&"📉 考察能力: "&IFERROR(VLOOKUP(TRIM(D1018)&"_"&TRIM(INDEX($E$1:$K$1, MATCH(MIN(E1018:K1018), E1018:K1018, 0))), 技能库!$A:$F, 5, 0),"建议查阅考纲")&CHAR(10)&"💡 提升建议: "&IFERROR(VLOOKUP(TRIM(D1018)&"_"&TRIM(INDEX($E$1:$K$1, MATCH(MIN(E1018:K1018), E1018:K1018, 0))), 技能库!$A:$F, 6, 0),"请针对该题型加强练习")) -> ⚠️ 薄弱环节: R-Pt2 📉 考察能力: [阅读] 三选一匹配 (细节) 💡 提升建议: 练习快速定位，注意题目描述与原文细节的对应。 | AB1018: =IF(P1018="","", "⚠️ 薄弱环节: "&INDEX($N$1:$O$1, MATCH(MIN(N1018:O1018), N1018:O1018, 0))&CHAR(10)&"📉 考察能力: "&IFERROR(VLOOKUP(TRIM(D1018)&"_"&TRIM(INDEX($N$1:$O$1, MATCH(MIN(N1018:O1018), N1018:O1018, 0))), 技能库!$A:$F, 5, 0),"建议查阅考纲")&CHAR(10)&"💡 提升建议: "&IFERROR(VLOOKUP(TRIM(D1018)&"_"&TRIM(INDEX($N$1:$O$1, MATCH(MIN(N1018:O1018), N1018:O1018, 0))), 技能库!$A:$F, 6, 0),"请针对该题型加强练习")) -> ⚠️ 薄弱环节: W-Pt1 📉 考察能力: [写作] 短邮件/便条 💡 提升建议: 必须覆盖所有3个要点，注意语域恰当，无拼写语法错误。 | AC1018: =IF(W1018="","", "⚠️ 薄弱环节: "&INDEX($R$1:$V$1, MATCH(MIN(R1018:V1018), R1018:V1018, 0))&CHAR(10)&"📉 考察能力: "&IFERROR(VLOOKUP(TRIM(D1018)&"_"&TRIM(INDEX($R$1:$V$1, MATCH(MIN(R1018:V1018), R1018:V1018, 0))), 技能库!$A:$F, 5, 0),"建议查阅考纲")&CHAR(10)&"💡 提升建议: "&IFERROR(VLOOKUP(TRIM(D1018)&"_"&TRIM(INDEX($R$1:$V$1, MATCH(MIN(R1018:V1018), R1018:V1018, 0))), 技能库!$A:$F, 6, 0),"请针对该题型加强练习")) -> ⚠️ 薄弱环节: L-Pt2 📉 考察能力: [听力] 填空 (信息记录) 💡 提升建议: 强化数字、价格、日期、拼写的听写训练。 | AD1018: 46126
A1019: 303 | B1019: A1 | C1019: 王薇童 Vera Wang | D1019: KET | E1019: 3 | F1019: 4 | G1019: 3 | H1019: 3 | I1019: 6 | L1019: =IF(COUNT(E1019:K1019)>0, SUM(E1019:K1019), "") -> 19 | M1019: =IF(L1019="","", IFERROR(VLOOKUP(L1019, IF(D1019="KET", 换算标准!$M:$N, IF(D1019="PET", 换算标准!$S:$T, 换算标准!$AC:$AD)), 2, TRUE), 0)) -> 117 | N1019: 0 | O1019: 0 | P1019: =IF(COUNT(N1019:O1019)>0, SUM(N1019:O1019), "") -> 0 | Q1019: =IF(P1019="","", IFERROR(VLOOKUP(P1019, IF(D1019="KET", 换算标准!$O:$P, IF(D1019="PET", 换算标准!$U:$V, 换算标准!$AG:$AH)), 2, TRUE), 0)) -> 0 | R1019: 2 | S1019: 2 | T1019: 4 | U1019: 5 | V1019: 5 | W1019: =IF(COUNT(R1019:V1019)>0, SUM(R1019:V1019), "") -> 18 | X1019: =IF(W1019="","", IFERROR(VLOOKUP(W1019, IF(D1019="KET", 换算标准!$Q:$R, IF(D1019="PET", 换算标准!$W:$X, 换算标准!$AI:$AJ)), 2, TRUE), 0)) -> 123 | Y1019: =IF(COUNT(M1019,Q1019,X1019)>0, AVERAGE(M1019,Q1019,X1019), "") -> 80 | AA1019: =IF(L1019="","", "⚠️ 薄弱环节: "&INDEX($E$1:$K$1, MATCH(MIN(E1019:K1019), E1019:K1019, 0))&CHAR(10)&"📉 考察能力: "&IFERROR(VLOOKUP(TRIM(D1019)&"_"&TRIM(INDEX($E$1:$K$1, MATCH(MIN(E1019:K1019), E1019:K1019, 0))), 技能库!$A:$F, 5, 0),"建议查阅考纲")&CHAR(10)&"💡 提升建议: "&IFERROR(VLOOKUP(TRIM(D1019)&"_"&TRIM(INDEX($E$1:$K$1, MATCH(MIN(E1019:K1019), E1019:K1019, 0))), 技能库!$A:$F, 6, 0),"请针对该题型加强练习")) -> ⚠️ 薄弱环节: R-Pt1 📉 考察能力: [阅读] 短讯息主旨理解 💡 提升建议: 关注生活中的标识、短信，练习找出关键词的同义替换。 | AB1019: =IF(P1019="","", "⚠️ 薄弱环节: "&INDEX($N$1:$O$1, MATCH(MIN(N1019:O1019), N1019:O1019, 0))&CHAR(10)&"📉 考察能力: "&IFERROR(VLOOKUP(TRIM(D1019)&"_"&TRIM(INDEX($N$1:$O$1, MATCH(MIN(N1019:O1019), N1019:O1019, 0))), 技能库!$A:$F, 5, 0),"建议查阅考纲")&CHAR(10)&"💡 提升建议: "&IFERROR(VLOOKUP(TRIM(D1019)&"_"&TRIM(INDEX($N$1:$O$1, MATCH(MIN(N1019:O1019), N1019:O1019, 0))), 技能库!$A:$F, 6, 0),"请针对该题型加强练习")) -> ⚠️ 薄弱环节: W-Pt1 📉 考察能力: [写作] 短邮件/便条 💡 提升建议: 必须覆盖所有3个要点，注意语域恰当，无拼写语法错误。 | AC1019: =IF(W1019="","", "⚠️ 薄弱环节: "&INDEX($R$1:$V$1, MATCH(MIN(R1019:V1019), R1019:V1019, 0))&CHAR(10)&"📉 考察能力: "&IFERROR(VLOOKUP(TRIM(D1019)&"_"&TRIM(INDEX($R$1:$V$1, MATCH(MIN(R1019:V1019), R1019:V1019, 0))), 技能库!$A:$F, 5, 0),"建议查阅考纲")&CHAR(10)&"💡 提升建议: "&IFERROR(VLOOKUP(TRIM(D1019)&"_"&TRIM(INDEX($R$1:$V$1, MATCH(MIN(R1019:V1019), R1019:V1019, 0))), 技能库!$A:$F, 6, 0),"请针对该题型加强练习")) -> ⚠️ 薄弱环节: L-Pt1 📉 考察能力: [听力] 多选 (关键信息) 💡 提升建议: 警惕干扰项，通常听到的第一个选项是错误的，听完整再选。 | AD1019: 46126
A1020: 303 | B1020: A1 | C1020: 石帛玄 Mambo Shi | D1020: KET | E1020: 3 | F1020: 2 | G1020: 3 | H1020: 1 | L1020: =IF(COUNT(E1020:K1020)>0, SUM(E1020:K1020), "") -> 9 | M1020: =IF(L1020="","", IFERROR(VLOOKUP(L1020, IF(D1020="KET", 换算标准!$M:$N, IF(D1020="PET", 换算标准!$S:$T, 换算标准!$AC:$AD)), 2, TRUE), 0)) -> 0 | N1020: 0 | O1020: 0 | P1020: =IF(COUNT(N1020:O1020)>0, SUM(N1020:O1020), "") -> 0 | Q1020: =IF(P1020="","", IFERROR(VLOOKUP(P1020, IF(D1020="KET", 换算标准!$O:$P, IF(D1020="PET", 换算标准!$U:$V, 换算标准!$AG:$AH)), 2, TRUE), 0)) -> 0 | R1020: 3 | S1020: 1 | T1020: 0 | U1020: 1 | V1020: 1 | W1020: =IF(COUNT(R1020:V1020)>0, SUM(R1020:V1020), "") -> 6 | X1020: =IF(W1020="","", IFERROR(VLOOKUP(W1020, IF(D1020="KET", 换算标准!$Q:$R, IF(D1020="PET", 换算标准!$W:$X, 换算标准!$AI:$AJ)), 2, TRUE), 0)) -> 0 | Y1020: =IF(COUNT(M1020,Q1020,X1020)>0, AVERAGE(M1020,Q1020,X1020), "") -> 0 | AA1020: =IF(L1020="","", "⚠️ 薄弱环节: "&INDEX($E$1:$K$1, MATCH(MIN(E1020:K1020), E1020:K1020, 0))&CHAR(10)&"📉 考察能力: "&IFERROR(VLOOKUP(TRIM(D1020)&"_"&TRIM(INDEX($E$1:$K$1, MATCH(MIN(E1020:K1020), E1020:K1020, 0))), 技能库!$A:$F, 5, 0),"建议查阅考纲")&CHAR(10)&"💡 提升建议: "&IFERROR(VLOOKUP(TRIM(D1020)&"_"&TRIM(INDEX($E$1:$K$1, MATCH(MIN(E1020:K1020), E1020:K1020, 0))), 技能库!$A:$F, 6, 0),"请针对该题型加强练习")) -> ⚠️ 薄弱环节: R-Pt4 📉 考察能力: [阅读] 完形填空 (词汇) 💡 提升建议: 积累名词、形容词、动词的常见搭配及近义词辨析。 | AB1020: =IF(P1020="","", "⚠️ 薄弱环节: "&INDEX($N$1:$O$1, MATCH(MIN(N1020:O1020), N1020:O1020, 0))&CHAR(10)&"📉 考察能力: "&IFERROR(VLOOKUP(TRIM(D1020)&"_"&TRIM(INDEX($N$1:$O$1, MATCH(MIN(N1020:O1020), N1020:O1020, 0))), 技能库!$A:$F, 5, 0),"建议查阅考纲")&CHAR(10)&"💡 提升建议: "&IFERROR(VLOOKUP(TRIM(D1020)&"_"&TRIM(INDEX($N$1:$O$1, MATCH(MIN(N1020:O1020), N1020:O1020, 0))), 技能库!$A:$F, 6, 0),"请针对该题型加强练习")) -> ⚠️ 薄弱环节: W-Pt1 📉 考察能力: [写作] 短邮件/便条 💡 提升建议: 必须覆盖所有3个要点，注意语域恰当，无拼写语法错误。 | AC1020: =IF(W1020="","", "⚠️ 薄弱环节: "&INDEX($R$1:$V$1, MATCH(MIN(R1020:V1020), R1020:V1020, 0))&CHAR(10)&"📉 考察能力: "&IFERROR(VLOOKUP(TRIM(D1020)&"_"&TRIM(INDEX($R$1:$V$1, MATCH(MIN(R1020:V1020), R1020:V1020, 0))), 技能库!$A:$F, 5, 0),"建议查阅考纲")&CHAR(10)&"💡 提升建议: "&IFERROR(VLOOKUP(TRIM(D1020)&"_"&TRIM(INDEX($R$1:$V$1, MATCH(MIN(R1020:V1020), R1020:V1020, 0))), 技能库!$A:$F, 6, 0),"请针对该题型加强练习")) -> ⚠️ 薄弱环节: L-Pt3 📉 考察能力: [听力] 长对话 (具体信息) 💡 提升建议: 听懂对话中的观点和态度，注意同义转换。 | AD1020: 46126
A1021: 305 | B1021: A1 | C1021: 胡鸿轩 Lucas Hu | D1021: KET | E1021: 5 | F1021: 4 | G1021: 3 | H1021: 4 | I1021: 2 | L1021: =IF(COUNT(E1021:K1021)>0, SUM(E1021:K1021), "") -> 18 | M1021: =IF(L1021="","", IFERROR(VLOOKUP(L1021, IF(D1021="KET", 换算标准!$M:$N, IF(D1021="PET", 换算标准!$S:$T, 换算标准!$AC:$AD)), 2, TRUE), 0)) -> 114 | N1021: 13 | O1021: 0 | P1021: =IF(COUNT(N1021:O1021)>0, SUM(N1021:O1021), "") -> 13 | Q1021: =IF(P1021="","", IFERROR(VLOOKUP(P1021, IF(D1021="KET", 换算标准!$O:$P, IF(D1021="PET", 换算标准!$U:$V, 换算标准!$AG:$AH)), 2, TRUE), 0)) -> 105 | R1021: 2 | S1021: 4 | T1021: 5 | U1021: 4 | V1021: 2 | W1021: =IF(COUNT(R1021:V1021)>0, SUM(R1021:V1021), "") -> 17 | X1021: =IF(W1021="","", IFERROR(VLOOKUP(W1021, IF(D1021="KET", 换算标准!$Q:$R, IF(D1021="PET", 换算标准!$W:$X, 换算标准!$AI:$AJ)), 2, TRUE), 0)) -> 120 | Y1021: =IF(COUNT(M1021,Q1021,X1021)>0, AVERAGE(M1021,Q1021,X1021), "") -> 113 | AA1021: =IF(L1021="","", "⚠️ 薄弱环节: "&INDEX($E$1:$K$1, MATCH(MIN(E1021:K1021), E1021:K1021, 0))&CHAR(10)&"📉 考察能力: "&IFERROR(VLOOKUP(TRIM(D1021)&"_"&TRIM(INDEX($E$1:$K$1, MATCH(MIN(E1021:K1021), E1021:K1021, 0))), 技能库!$A:$F, 5, 0),"建议查阅考纲")&CHAR(10)&"💡 提升建议: "&IFERROR(VLOOKUP(TRIM(D1021)&"_"&TRIM(INDEX($E$1:$K$1, MATCH(MIN(E1021:K1021), E1021:K1021, 0))), 技能库!$A:$F, 6, 0),"请针对该题型加强练习")) -> ⚠️ 薄弱环节: R-Pt5 📉 考察能力: [阅读] 开放式填空 (语法) 💡 提升建议: 纯语法考核，重点强化介词、代词、连词和时态助动词。 | AB1021: =IF(P1021="","", "⚠️ 薄弱环节: "&INDEX($N$1:$O$1, MATCH(MIN(N1021:O1021), N1021:O1021, 0))&CHAR(10)&"📉 考察能力: "&IFERROR(VLOOKUP(TRIM(D1021)&"_"&TRIM(INDEX($N$1:$O$1, MATCH(MIN(N1021:O1021), N1021:O1021, 0))), 技能库!$A:$F, 5, 0),"建议查阅考纲")&CHAR(10)&"💡 提升建议: "&IFERROR(VLOOKUP(TRIM(D1021)&"_"&TRIM(INDEX($N$1:$O$1, MATCH(MIN(N1021:O1021), N1021:O1021, 0))), 技能库!$A:$F, 6, 0),"请针对该题型加强练习")) -> ⚠️ 薄弱环节: W-Pt2 📉 考察能力: [写作] 看图写故事 💡 提升建议: 运用 linking words (so, because) 串联图片，注意过去时态。 | AC1021: =IF(W1021="","", "⚠️ 薄弱环节: "&INDEX($R$1:$V$1, MATCH(MIN(R1021:V1021), R1021:V1021, 0))&CHAR(10)&"📉 考察能力: "&IFERROR(VLOOKUP(TRIM(D1021)&"_"&TRIM(INDEX($R$1:$V$1, MATCH(MIN(R1021:V1021), R1021:V1021, 0))), 技能库!$A:$F, 5, 0),"建议查阅考纲")&CHAR(10)&"💡 提升建议: "&IFERROR(VLOOKUP(TRIM(D1021)&"_"&TRIM(INDEX($R$1:$V$1, MATCH(MIN(R1021:V1021), R1021:V1021, 0))), 技能库!$A:$F, 6, 0),"请针对该题型加强练习")) -> ⚠️ 薄弱环节: L-Pt1 📉 考察能力: [听力] 多选 (关键信息) 💡 提升建议: 警惕干扰项，通常听到的第一个选项是错误的，听完整再选。 | AD1021: 46126
A1022: 303 | B1022: A1 | C1022: 贺艺婕 Hesper He | D1022: KET | E1022: 5 | F1022: 4 | G1022: 4 | H1022: 4 | I1022: 4 | L1022: =IF(COUNT(E1022:K1022)>0, SUM(E1022:K1022), "") -> 21 | M1022: =IF(L1022="","", IFERROR(VLOOKUP(L1022, IF(D1022="KET", 换算标准!$M:$N, IF(D1022="PET", 换算标准!$S:$T, 换算标准!$AC:$AD)), 2, TRUE), 0)) -> 122 | N1022: 15 | O1022: 0 | P1022: =IF(COUNT(N1022:O1022)>0, SUM(N1022:O1022), "") -> 15 | Q1022: =IF(P1022="","", IFERROR(VLOOKUP(P1022, IF(D1022="KET", 换算标准!$O:$P, IF(D1022="PET", 换算标准!$U:$V, 换算标准!$AG:$AH)), 2, TRUE), 0)) -> 111 | R1022: 5 | S1022: 3 | T1022: 4 | U1022: 5 | V1022: 3 | W1022: =IF(COUNT(R1022:V1022)>0, SUM(R1022:V1022), "") -> 20 | X1022: =IF(W1022="","", IFERROR(VLOOKUP(W1022, IF(D1022="KET", 换算标准!$Q:$R, IF(D1022="PET", 换算标准!$W:$X, 换算标准!$AI:$AJ)), 2, TRUE), 0)) -> 130 | Y1022: =IF(COUNT(M1022,Q1022,X1022)>0, AVERAGE(M1022,Q1022,X1022), "") -> 121 | AA1022: =IF(L1022="","", "⚠️ 薄弱环节: "&INDEX($E$1:$K$1, MATCH(MIN(E1022:K1022), E1022:K1022, 0))&CHAR(10)&"📉 考察能力: "&IFERROR(VLOOKUP(TRIM(D1022)&"_"&TRIM(INDEX($E$1:$K$1, MATCH(MIN(E1022:K1022), E1022:K1022, 0))), 技能库!$A:$F, 5, 0),"建议查阅考纲")&CHAR(10)&"💡 提升建议: "&IFERROR(VLOOKUP(TRIM(D1022)&"_"&TRIM(INDEX($E$1:$K$1, MATCH(MIN(E1022:K1022), E1022:K1022, 0))), 技能库!$A:$F, 6, 0),"请针对该题型加强练习")) -> ⚠️ 薄弱环节: R-Pt2 📉 考察能力: [阅读] 三选一匹配 (细节) 💡 提升建议: 练习快速定位，注意题目描述与原文细节的对应。 | AB1022: =IF(P1022="","", "⚠️ 薄弱环节: "&INDEX($N$1:$O$1, MATCH(MIN(N1022:O1022), N1022:O1022, 0))&CHAR(10)&"📉 考察能力: "&IFERROR(VLOOKUP(TRIM(D1022)&"_"&TRIM(INDEX($N$1:$O$1, MATCH(MIN(N1022:O1022), N1022:O1022, 0))), 技能库!$A:$F, 5, 0),"建议查阅考纲")&CHAR(10)&"💡 提升建议: "&IFERROR(VLOOKUP(TRIM(D1022)&"_"&TRIM(INDEX($N$1:$O$1, MATCH(MIN(N1022:O1022), N1022:O1022, 0))), 技能库!$A:$F, 6, 0),"请针对该题型加强练习")) -> ⚠️ 薄弱环节: W-Pt2 📉 考察能力: [写作] 看图写故事 💡 提升建议: 运用 linking words (so, because) 串联图片，注意过去时态。 | AC1022: =IF(W1022="","", "⚠️ 薄弱环节: "&INDEX($R$1:$V$1, MATCH(MIN(R1022:V1022), R1022:V1022, 0))&CHAR(10)&"📉 考察能力: "&IFERROR(VLOOKUP(TRIM(D1022)&"_"&TRIM(INDEX($R$1:$V$1, MATCH(MIN(R1022:V1022), R1022:V1022, 0))), 技能库!$A:$F, 5, 0),"建议查阅考纲")&CHAR(10)&"💡 提升建议: "&IFERROR(VLOOKUP(TRIM(D1022)&"_"&TRIM(INDEX($R$1:$V$1, MATCH(MIN(R1022:V1022), R1022:V1022, 0))), 技能库!$A:$F, 6, 0),"请针对该题型加强练习")) -> ⚠️ 薄弱环节: L-Pt2 📉 考察能力: [听力] 填空 (信息记录) 💡 提升建议: 强化数字、价格、日期、拼写的听写训练。 | AD1022: 46126
A1023: 303 | B1023: A1 | C1023: 郭哲宁 Kris Guo | D1023: KET | E1023: 1 | F1023: 3 | G1023: 2 | H1023: 4 | I1023: 4 | L1023: =IF(COUNT(E1023:K1023)>0, SUM(E1023:K1023), "") -> 14 | M1023: =IF(L1023="","", IFERROR(VLOOKUP(L1023, IF(D1023="KET", 换算标准!$M:$N, IF(D1023="PET", 换算标准!$S:$T, 换算标准!$AC:$AD)), 2, TRUE), 0)) -> 102 | N1023: 9 | O1023: 9 | P1023: =IF(COUNT(N1023:O1023)>0, SUM(N1023:O1023), "") -> 18 | Q1023: =IF(P1023="","", IFERROR(VLOOKUP(P1023, IF(D1023="KET", 换算标准!$O:$P, IF(D1023="PET", 换算标准!$U:$V, 换算标准!$AG:$AH)), 2, TRUE), 0)) -> 120 | R1023: 3 | S1023: 2 | T1023: 2 | U1023: 2 | V1023: 2 | W1023: =IF(COUNT(R1023:V1023)>0, SUM(R1023:V1023), "") -> 11 | X1023: =IF(W1023="","", IFERROR(VLOOKUP(W1023, IF(D1023="KET", 换算标准!$Q:$R, IF(D1023="PET", 换算标准!$W:$X, 换算标准!$AI:$AJ)), 2, TRUE), 0)) -> 100 | Y1023: =IF(COUNT(M1023,Q1023,X1023)>0, AVERAGE(M1023,Q1023,X1023), "") -> 107.33333 | AA1023: =IF(L1023="","", "⚠️ 薄弱环节: "&INDEX($E$1:$K$1, MATCH(MIN(E1023:K1023), E1023:K1023, 0))&CHAR(10)&"📉 考察能力: "&IFERROR(VLOOKUP(TRIM(D1023)&"_"&TRIM(INDEX($E$1:$K$1, MATCH(MIN(E1023:K1023), E1023:K1023, 0))), 技能库!$A:$F, 5, 0),"建议查阅考纲")&CHAR(10)&"💡 提升建议: "&IFERROR(VLOOKUP(TRIM(D1023)&"_"&TRIM(INDEX($E$1:$K$1, MATCH(MIN(E1023:K1023), E1023:K1023, 0))), 技能库!$A:$F, 6, 0),"请针对该题型加强练习")) -> ⚠️ 薄弱环节: R-Pt1 📉 考察能力: [阅读] 短讯息主旨理解 💡 提升建议: 关注生活中的标识、短信，练习找出关键词的同义替换。 | AB1023: =IF(P1023="","", "⚠️ 薄弱环节: "&INDEX($N$1:$O$1, MATCH(MIN(N1023:O1023), N1023:O1023, 0))&CHAR(10)&"📉 考察能力: "&IFERROR(VLOOKUP(TRIM(D1023)&"_"&TRIM(INDEX($N$1:$O$1, MATCH(MIN(N1023:O1023), N1023:O1023, 0))), 技能库!$A:$F, 5, 0),"建议查阅考纲")&CHAR(10)&"💡 提升建议: "&IFERROR(VLOOKUP(TRIM(D1023)&"_"&TRIM(INDEX($N$1:$O$1, MATCH(MIN(N1023:O1023), N1023:O1023, 0))), 技能库!$A:$F, 6, 0),"请针对该题型加强练习")) -> ⚠️ 薄弱环节: W-Pt1 📉 考察能力: [写作] 短邮件/便条 💡 提升建议: 必须覆盖所有3个要点，注意语域恰当，无拼写语法错误。 | AC1023: =IF(W1023="","", "⚠️ 薄弱环节: "&INDEX($R$1:$V$1, MATCH(MIN(R1023:V1023), R1023:V1023, 0))&CHAR(10)&"📉 考察能力: "&IFERROR(VLOOKUP(TRIM(D1023)&"_"&TRIM(INDEX($R$1:$V$1, MATCH(MIN(R1023:V1023), R1023:V1023, 0))), 技能库!$A:$F, 5, 0),"建议查阅考纲")&CHAR(10)&"💡 提升建议: "&IFERROR(VLOOKUP(TRIM(D1023)&"_"&TRIM(INDEX($R$1:$V$1, MATCH(MIN(R1023:V1023), R1023:V1023, 0))), 技能库!$A:$F, 6, 0),"请针对该题型加强练习")) -> ⚠️ 薄弱环节: L-Pt2 📉 考察能力: [听力] 填空 (信息记录) 💡 提升建议: 强化数字、价格、日期、拼写的听写训练。 | AD1023: 46126
A1024: 303 | B1024: A1 | C1024: 陈辰 Chris Chen | D1024: KET | E1024: 5 | F1024: 4 | G1024: 5 | H1024: 5 | I1024: 3 | L1024: =IF(COUNT(E1024:K1024)>0, SUM(E1024:K1024), "") -> 22 | M1024: =IF(L1024="","", IFERROR(VLOOKUP(L1024, IF(D1024="KET", 换算标准!$M:$N, IF(D1024="PET", 换算标准!$S:$T, 换算标准!$AC:$AD)), 2, TRUE), 0)) -> 125 | N1024: 0 | O1024: 0 | P1024: =IF(COUNT(N1024:O1024)>0, SUM(N1024:O1024), "") -> 0 | Q1024: =IF(P1024="","", IFERROR(VLOOKUP(P1024, IF(D1024="KET", 换算标准!$O:$P, IF(D1024="PET", 换算标准!$U:$V, 换算标准!$AG:$AH)), 2, TRUE), 0)) -> 0 | R1024: 3 | S1024: 3 | T1024: 1 | U1024: 5 | V1024: 5 | W1024: =IF(COUNT(R1024:V1024)>0, SUM(R1024:V1024), "") -> 17 | X1024: =IF(W1024="","", IFERROR(VLOOKUP(W1024, IF(D1024="KET", 换算标准!$Q:$R, IF(D1024="PET", 换算标准!$W:$X, 换算标准!$AI:$AJ)), 2, TRUE), 0)) -> 120 | Y1024: =IF(COUNT(M1024,Q1024,X1024)>0, AVERAGE(M1024,Q1024,X1024), "") -> 81.666667 | AA1024: =IF(L1024="","", "⚠️ 薄弱环节: "&INDEX($E$1:$K$1, MATCH(MIN(E1024:K1024), E1024:K1024, 0))&CHAR(10)&"📉 考察能力: "&IFERROR(VLOOKUP(TRIM(D1024)&"_"&TRIM(INDEX($E$1:$K$1, MATCH(MIN(E1024:K1024), E1024:K1024, 0))), 技能库!$A:$F, 5, 0),"建议查阅考纲")&CHAR(10)&"💡 提升建议: "&IFERROR(VLOOKUP(TRIM(D1024)&"_"&TRIM(INDEX($E$1:$K$1, MATCH(MIN(E1024:K1024), E1024:K1024, 0))), 技能库!$A:$F, 6, 0),"请针对该题型加强练习")) -> ⚠️ 薄弱环节: R-Pt5 📉 考察能力: [阅读] 开放式填空 (语法) 💡 提升建议: 纯语法考核，重点强化介词、代词、连词和时态助动词。 | AB1024: =IF(P1024="","", "⚠️ 薄弱环节: "&INDEX($N$1:$O$1, MATCH(MIN(N1024:O1024), N1024:O1024, 0))&CHAR(10)&"📉 考察能力: "&IFERROR(VLOOKUP(TRIM(D1024)&"_"&TRIM(INDEX($N$1:$O$1, MATCH(MIN(N1024:O1024), N1024:O1024, 0))), 技能库!$A:$F, 5, 0),"建议查阅考纲")&CHAR(10)&"💡 提升建议: "&IFERROR(VLOOKUP(TRIM(D1024)&"_"&TRIM(INDEX($N$1:$O$1, MATCH(MIN(N1024:O1024), N1024:O1024, 0))), 技能库!$A:$F, 6, 0),"请针对该题型加强练习")) -> ⚠️ 薄弱环节: W-Pt1 📉 考察能力: [写作] 短邮件/便条 💡 提升建议: 必须覆盖所有3个要点，注意语域恰当，无拼写语法错误。 | AC1024: =IF(W1024="","", "⚠️ 薄弱环节: "&INDEX($R$1:$V$1, MATCH(MIN(R1024:V1024), R1024:V1024, 0))&CHAR(10)&"📉 考察能力: "&IFERROR(VLOOKUP(TRIM(D1024)&"_"&TRIM(INDEX($R$1:$V$1, MATCH(MIN(R1024:V1024), R1024:V1024, 0))), 技能库!$A:$F, 5, 0),"建议查阅考纲")&CHAR(10)&"💡 提升建议: "&IFERROR(VLOOKUP(TRIM(D1024)&"_"&TRIM(INDEX($R$1:$V$1, MATCH(MIN(R1024:V1024), R1024:V1024, 0))), 技能库!$A:$F, 6, 0),"请针对该题型加强练习")) -> ⚠️ 薄弱环节: L-Pt3 📉 考察能力: [听力] 长对话 (具体信息) 💡 提升建议: 听懂对话中的观点和态度，注意同义转换。 | AD1024: 46126
A1025: 303 | B1025: A1 | C1025: 陈奕泓 Charlie Chen | D1025: KET | E1025: 6 | F1025: 3 | G1025: 4 | H1025: 6 | I1025: 5 | L1025: =IF(COUNT(E1025:K1025)>0, SUM(E1025:K1025), "") -> 24 | M1025: =IF(L1025="","", IFERROR(VLOOKUP(L1025, IF(D1025="KET", 换算标准!$M:$N, IF(D1025="PET", 换算标准!$S:$T, 换算标准!$AC:$AD)), 2, TRUE), 0)) -> 130 | N1025: 0 | O1025: 0 | P1025: =IF(COUNT(N1025:O1025)>0, SUM(N1025:O1025), "") -> 0 | Q1025: =IF(P1025="","", IFERROR(VLOOKUP(P1025, IF(D1025="KET", 换算标准!$O:$P, IF(D1025="PET", 换算标准!$U:$V, 换算标准!$AG:$AH)), 2, TRUE), 0)) -> 0 | R1025: 3 | S1025: 3 | T1025: 3 | U1025: 3 | V1025: 3 | W1025: =IF(COUNT(R1025:V1025)>0, SUM(R1025:V1025), "") -> 15 | X1025: =IF(W1025="","", IFERROR(VLOOKUP(W1025, IF(D1025="KET", 换算标准!$Q:$R, IF(D1025="PET", 换算标准!$W:$X, 换算标准!$AI:$AJ)), 2, TRUE), 0)) -> 113 | Y1025: =IF(COUNT(M1025,Q1025,X1025)>0, AVERAGE(M1025,Q1025,X1025), "") -> 81 | AA1025: =IF(L1025="","", "⚠️ 薄弱环节: "&INDEX($E$1:$K$1, MATCH(MIN(E1025:K1025), E1025:K1025, 0))&CHAR(10)&"📉 考察能力: "&IFERROR(VLOOKUP(TRIM(D1025)&"_"&TRIM(INDEX($E$1:$K$1, MATCH(MIN(E1025:K1025), E1025:K1025, 0))), 技能库!$A:$F, 5, 0),"建议查阅考纲")&CHAR(10)&"💡 提升建议: "&IFERROR(VLOOKUP(TRIM(D1025)&"_"&TRIM(INDEX($E$1:$K$1, MATCH(MIN(E1025:K1025), E1025:K1025, 0))), 技能库!$A:$F, 6, 0),"请针对该题型加强练习")) -> ⚠️ 薄弱环节: R-Pt2 📉 考察能力: [阅读] 三选一匹配 (细节) 💡 提升建议: 练习快速定位，注意题目描述与原文细节的对应。 | AB1025: =IF(P1025="","", "⚠️ 薄弱环节: "&INDEX($N$1:$O$1, MATCH(MIN(N1025:O1025), N1025:O1025, 0))&CHAR(10)&"📉 考察能力: "&IFERROR(VLOOKUP(TRIM(D1025)&"_"&TRIM(INDEX($N$1:$O$1, MATCH(MIN(N1025:O1025), N1025:O1025, 0))), 技能库!$A:$F, 5, 0),"建议查阅考纲")&CHAR(10)&"💡 提升建议: "&IFERROR(VLOOKUP(TRIM(D1025)&"_"&TRIM(INDEX($N$1:$O$1, MATCH(MIN(N1025:O1025), N1025:O1025, 0))), 技能库!$A:$F, 6, 0),"请针对该题型加强练习")) -> ⚠️ 薄弱环节: W-Pt1 📉 考察能力: [写作] 短邮件/便条 💡 提升建议: 必须覆盖所有3个要点，注意语域恰当，无拼写语法错误。 | AC1025: =IF(W1025="","", "⚠️ 薄弱环节: "&INDEX($R$1:$V$1, MATCH(MIN(R1025:V1025), R1025:V1025, 0))&CHAR(10)&"📉 考察能力: "&IFERROR(VLOOKUP(TRIM(D1025)&"_"&TRIM(INDEX($R$1:$V$1, MATCH(MIN(R1025:V1025), R1025:V1025, 0))), 技能库!$A:$F, 5, 0),"建议查阅考纲")&CHAR(10)&"💡 提升建议: "&IFERROR(VLOOKUP(TRIM(D1025)&"_"&TRIM(INDEX($R$1:$V$1, MATCH(MIN(R1025:V1025), R1025:V1025, 0))), 技能库!$A:$F, 6, 0),"请针对该题型加强练习")) -> ⚠️ 薄弱环节: L-Pt1 📉 考察能力: [听力] 多选 (关键信息) 💡 提升建议: 警惕干扰项，通常听到的第一个选项是错误的，听完整再选。 | AD1025: 46126
